digest,character
001f5114dfec80f1fec0fecaf169f4b3969d8878,。
002281a3d67d886b5b28f088d8d0e170a4ba9d0e,に
0022deee6129da727949eff93918c92e31d2fc2d,銀
003325123833a3df8a246b0aaa15114019a80c0d,扮
003f33accc7ad89e32ffea5a75c2a68709a68b5c,ざ
0058314ef072249e3e56a07b3b9ceefeb49d9465,『
009c0b65a11d5bd8b03ee0ecb73b4466e18c6e2b,換
009ee99dfe61077b7a02e2a2fd49f5b0bce37b9d,傍
00bb3d6791c891d11c00454ec00c34d2023b03cc,草
00f9bff91fe84f33d5c26e403add471bc0ecc9d7,頃
01159176f4dfc2be79fdda672605fccabbc048b3,t
01165b3dae6390f85572af51da647801b4dcd425,、
0119d9a3a527590b1c36065bd386a6a60c25ec2d,支
014f91f31b43f2fcb715512d4d47dd1b72bb9f0f,混
0151f939d8859a62feae03f172a2b738715f3a79,分
017055b39ddcddaf1c4682aba0e8f26fb47b5d40,向
019439414c9e07a0deb14cb56ff38d95e45ddb97,探
01bd9fcfd4094ca2f191db99eddf575077688008,集
01c33bc6793bd98aadb869bc891dd2533d0b2a71,疑
01d204f625e51e9a98426ffa26cbd352f8f7ae98,獄
0237822b7ef718753cb0bc6b0c41aea4a8ba059b,遠
025c499faf5d4ccef6f1ca127c15bb1dd0bd62d8,露
025d45f03617bc7bc2ebd1e5c836220850b77c5b,け
02724092c03c59c37f310b13725514f8acb2faf5,最
027fa040d4a89940425252d9c7960bb629fa40ee,揺
028c0b04da8628af08267b2cda899a804c083dbf,祝
029f80fb5383505ccf35e0b0fbecead4d3adf4ce,効
02ad44777d18d612d22b5c06f4805912739ee9de,浄
02c27f8a341e34e44fb87674b239241401af4dd6,未
031a7457b1360b525bb7b7eb10e5d89c611fa1bf,前
03b5d19d0d7b5b91d01df477024e8e704b322a60,熟
03b7a335189e8ef5a252e0be78d47739c73fc2b7,値
03cf1e199a42f87ac534385b58da6ca29dbe9f4f,藍
03d1b649c11a33085b26aac4ccd80c5c157ae6ee,度
03e534de41037b24d661d28cbc6bef376c7f1450,闊
03f8fb43cf1cacb7d9b499f94b727a736a2bd491,寸
040689fd7f4f6a8dd2747ca9724c5cb5be9bbaa3,切
0410868531de582c186c69b4cb01aa8757905d42,青
041456180010e5e0d13f261f8b581fefef6b130c,け
0463ea763d08075799d9eb8b42733a6ecb043821,オ
047659e6e53f53ecfdf892fcbafc33435015fc9a,喪
04a4b73d80f018ebf2961658d4e0dac7490e8b83,ぼ
04baa515368caae4f708f026827beb7f6885953d,遅
050c516f613fb5d250b0440e9548a4c65b09721d,ン
0524ef4d1952148d01a3cafb283a5210d904692c,門
0533c233469839fe2a62af1be018198ee8a132e8,悲
059e99c5cec66cf112fd061bafc2c9adc78d30b8,超
05ba936962be4b036464198d5ff4f6294dc89aaf,調
05bd8ccea97151f2912e330c6cf079b5548f9827,金
05cea648971cbd2beea882ca7ecdc23cf77c993e,ピ
0602e1d97e715755a871150500623f83bc906771,関
061be4725a2f975e4e26c2d52aaf82a8b4eb7515,矢
0648ee8f174f7164bb13cba98a6a3f8d362cf762,病
065e31cae5c32a8ed6ec1286b6da309da50898f1,様
0682b91f3c4420f05629eb49b096d9fa7f5aee8b,卵
068ab8525b66966cc306649eea23742fa1b8a0d1,S
06c163ba939f7b60ea717c19e7b788e6d2f6bb5d,択
06c9c76b0a4e6df18d068541a0451c89bbdcbecf,君
06d6f31ac248eefc5db1e567bf4b0c0ac298d345,ト
06d818694997e40a6b32a0927d2b3b48a8b8f52b,竜
070bed54f3c97e6143b9bede35aac806bd9382ff,賭
074f627fa725a1d7312701618b1881faa362bed8,紋
0750da93f04c96938a1ad7c2d266211d37927447,y
0754a26d20b95139bb8d01141c704e707af6ada7,蜘
078d329632e3fe55ddbfd6fd32244833442a7a38,事
079ef5798358c1ec17a1a8ecb7af43215815f802,遺
07ac0268704861680ac3551cd65391b5f2ac2530,持
07dc01d622110066c3bdc04706f20a90b6bd4e26,枯
07ec74b84be2092e36a617eb8a9b8ded5659f57f,砂
084069af0688068b22c192fffcde24ca4cc3a8f8,鉄
08462d88ed40fab8611cc2f25faa26493e658555,族
085bd6f48eb10eba29dfd51606513d988c208077,保
085eb0dd46b7c6808b6b8392f1211fdf817ff30e,防
087368fec30952cebea8e18a797443b0862b253e,ヤ
08a9d2492cee6d8df162429060120a5694f21a75,導
08ca22166173be15b068668eafc484a62acc1340,せ
08d1da706777573bb70e245737659b5a5c1bbcdc,X
09167c3776a746369f20068c374a0daae1385469,留
09a860cb4f4cea706dbaf6c8d3a3440503b5c82b,篇
09bcf55328a5e26de5851271f0c2bc3b75c18d8a,介
09dfd6f5f341ed64279438219b924d4fc88ea7a6,ス
09e520b74c26e5d218d49fdde829fe07a107aff0,笑
09f55f260ca456dc434ec75d0866b5986b8eac98,昇
0a1647cf31991ae96bad32bb62320466efe39660,極
0a3f7005b71161db913733ba13511c015d8dbb10,功
0a5ae55dcf5612d14ea16dc8d1310fa2d5e339a5,陸
0a654efabe8151bfd006e812f1419b5219907367,な
0a6aee1152f1b8d13b25e581a7846f763d39757e,ビ
0a7750572a3bb5a5480959c88337ed178e9db42e,座
0af667ef51eaf7f56b86063108337ac38e7856b9,浴
0b084149d0facecc612a67fb10e80cadd858420a,方
0b3de4842502adf03387b7b3dd13385423c928e6,敬
0b5c9d7ceb0bd5fab75eef3dc7549feccac28d1b,破
0b5e7a50facac5b09ead1b9c5dbddf7b2f58d212,然
0b641f7ea9348e9eb48e1d75ec26c90961824a50,男
0b6924ab1985ed429fd094c30bab817f2bae0f5d,ゲ
0b780003730f7a74186ade440a5b56cb95c522ac,エ
0bb358312fe4712785dea772ad181574f8081b6f,側
0bd0b04c52aaa40e5b1d48eb97c86bfcf5cc6fd1,猛
0bd4d8e5d0d0a6bb20a8715b1627cad8478dbfcb,・
0bdc6749670c0a3497e683f393d24c12a632f4ff,森
0bfd1e636df188fbf5a70bf8e15f2b7572034a0c,っ
0c1f51bdc30d84973937d301a482792a48718854,詰
0c49153fe94d18779fb1214ee299d28e8e33ccb7,や
0c7cd398d3774b16406de65de78d3a9e699cda16,更
0c8823de4392d0c1eb3355ac0d9f5b83e4cda295,f
0c8eb776cc07f4f9eb36aeb6a33fb3e28f69fb92,晶
0c959fc06480736d53296e869f638983a987f5ec,輪
0caaec19e9b4dd176a8c9a38e432ba6fc19c2453,単
0d0a8ba65bd0436cecd426e01242ce47cf30d345,せ
0d2b7f7ae0c46509c03d01291c208cf884f0a083,只
0d2d386556f7a7a99a8ee05637f5b1ceb5ce0d57,ン
0d30c14dd794c2f470012ad7d4243fd1c8659343,肝
0d38223a5933fec5205daf73d680d4e6aecf988b,昔
0d530c6b71cdf529d71e9766ef03f5184dff4391,込
0d7a76f90cf82d10fae6fe01c4439f61adac79de,ろ
0d7dcf593e5baa5622096550a486920d76e0dd97,居
0d7f7a7937e09a37d232a66a01bd07d89474fb89,発
0d94892749cceb89d5c0ad15b06686febbe22ea3,す
0da9b4c7a54345450b00beed2d0a543c3c7290c2,紫
0dac0d9a8f433d91252ae5a5b33a13a67cb0fe78,転
0dc618e7ee2276767415d55b167c598e619e684d,ち
0dc777dc45be1af5cfe63ecd78376850c72569da,辛
0dce0391057e73c8547cd7161953e05c5156d7c4,そ
0dd06a2828acf5ddfa04656b1afded39496036f9,再
0de16e21b6574c18bb1fc416568ac1054db3e56d,玉
0de44e18303e3c668b56bd369a893857f56a2e4e,U
0df43d3043e79b359ede8f7447072e8220896c08,ベ
0e145267d1fb3913d8a2ce5092398c037b298b02,旅
0e42aad0359dab27a699110f80f3b64e2749844b,和
0e54da7a2b3ed510c0a38cf78f4df5f01a48e591,犠
0e7faa7471f7b1a04dcd35563e99fea6921a5cf9,D
0e876c3a62791f0477f8c810cb7ef36083fc3132,疲
0ea33cbf7e11a9554f1e21fdc20b051f88c63f45,ー
0ef802cddbac1ca59fcf3b517ab3d7951f49c016,ォ
0f25675418af0991a8c6742c8b65ab1739ca2b18,（
0f34961a82aa2042940a5721092c09d32fcef18c,流
0f47638b2cbd32e0dc5213227cb597c7391c9240,切
0f4ba2da064e0a76bac56bec24448caefb55bc56,0
0f51974911e2a12a987232f7b8ffc4548606024a,係
0f990200849713373046866adf68e043ec2431e5,希
0fa6fe4246d3466ec8b6b6d01d216e62720267fd,衣
0fc61c4fa38d6ad1b932016c0ab4ba7194f44981,る
0fcfe7c6131e45478c5ca96893c871ba42dc3337,事
0ff51246b96d2f051e2fa5e84856b89bfe8ff24a,派
100c8300ee20aa22c8f82e948b6633b357b23d90,ボ
100e790fc2f72d94a19899ad7cefc71863f0a5f6,損
102b5e5d4af66d36581999e2b93c79a06c7e5d21,支
104707d043382b7c64fcc6c9d959f93a2326bf17,s
105b963d147662a85e5ce44408d78a07d61b7054,網
105d317044c253a3d401358ec214964168a612ff,ア
10651241c3451186c39d5082e755ccd91b6b191f,戦
106d466427fe819b618dcca569fbc751b27597d1,画
1078d0fd017fc7f2c7b7614bb0f0fbd0bb6a6f36,去
107921f8dfdf995b9e8645c8898e9474e95c6d27,脈
1088aaa1c0e6646809bae0fd1daad4eee854ae0c,縮
10a8d5f0eb6ca644a6fdca03629eb4ed5a1c9de7,m
10aaae4a925948cbe13ec9b23fd3e6c1ea92b33c,因
10b7d6a02619198d9d9d06f4e56ef87c0b1236fc,帰
10bf4543c78ca218cc2896b3323b724e9366d4a2,定
10c4232bcf71f500929a52f00c0796d36f8be68e,叶
110c08c73bbe5daa6bdb201705f26f41a3cf6ed4,ガ
112943af7213abc955d9e3b1f79ed44efba55d86,還
1136cb541e3770ba98145add6bf425c71d0d89aa,渓
11511552eb3bd05a1ac80a59a25c82c86f07fb94,足
11597348b96b8958aeb93dfbabfd503e02bad684,H
1160967c6545c8ed17e133e743c035969331bfd8,L
1169888fec27cecce2a6fa601a7fcf9955cc1554,び
1180f6a7daa49919c8897b14d74ce86662506c17,端
119479e2c91dd5e1d0b86bacd3ec05615ab0c2cd,弟
1198285807ac904f36a8b13afe14199d463ec6f0,布
11bb46795fb1356150337b5d140f4bb51ba2879b,チ
12236e324c9e0fe4eb6211a757bf737584a6be28,駄
122b8af238592f192dcf3635b3092b5a8c4860a0,奴
124651bc4a711b1d39120607e414d505ba356819,起
128ae13d93d1bf1c7efa7e9b02f76be6f2f3f3c4,A
129975fe676bfb05cbd255b2c2eb78074c048138,ヶ
12bb39ef207fa7d334b5c118ea237060f8ccf09a,さ
12cbb5b5e656f467c97af0666ac406f655b4fbbb,及
12d313fc3888f5e08851d1ecaead39d6f9e71288,ま
13082c46ac0ffbb189ef3a1f3fe4e962c1606530,抗
1315d9189eeae0e60b08d77cdfb6db113aa686ae,窟
13294cb0e2ba8185a1f317f5fdf4441fcf6288c8,枚
133bf49c74da64c86109464ae1ea50e7b5e98724,準
133daafc39e4c8106236cd10a4c74ca907b61df6,み
134008146429a17e237f806572b8182d0461cf8f,主
1344b321dae247f86ad3a0e9335ae088517141ed,宮
134db226c05ee1d0e4f24f75474dbecf35dfec9b,裏
134e4ba70cba66008f62a95d427f2bda792171c1,縛
1373b18f3e71cf85db3950d5f50d523052597607,価
137cb5cc8aea07f0fbcd65fb272c69468c204d4d,新
13858c35eab6af17e621ce84dda41753c221c332,無
13a0816340e781827b36c475760978c8f5adb9a6,初
13a9d93019187a876e53fc9aa1afdb66178d7f87,だ
13ae03b7f0863ae2212a9e2d8d2dfdee69c7809e,断
13ce0b3ef378801784f9669fdaba6b613314f74a,n
13fb9eb316c875e1c053cb2557328a3c31498775,勢
141997ac15c91395aa82f61774ba06eff3872428,起
142d668ec13af8762607fa9c53b0b4855ec0b979,飾
142f93cd3e919c1315fb7b4ad509c6f519b7f09b,鍵
143e49e5d0666e946f3b7a376f71283401515f85,あ
1440bc48e4c358d6f58b090ed64ba4dad6e2b306,繰
14551d39c22d3d99bc0639126e2723b47afa58b7,風
1459fff40a235591ce5794f9cb8294b6c4455e62,お
1469487bdf2e3fcff026bbd777a08113e2c6342b,世
146ddfb18d15c29e5c372c427b5cea6164577b1e,式
1525a51570e5245db78c589adf54222195993511,洗
1547f2f7b3047f006d3d3012b039c290aae5e1f0,ハ
15a56964f17da87b44f9c73c2308095b3e811d26,功
15af16a14050051437f8d3de87e6b57db8506818,脅
15d2ee02df1f5c5a61d3cdc98130e990d230e6e7,臓
15d769c00aea193b4dde520531044c6fa7f76f51,漂
1602c03568136fd34a604dc26d0541a64d23f7ff,業
16063fb75fa28f7af44ec2d9310ea6cf6f45e43a,腰
161df55b514508c060880a44a8e7334c13c4de5e,な
164ef9ac988e6314555d8e669a06db0597968d3a,陣
1654d033262e9e9eb601230f670f79dd737c18fc,痛
16685e8f04f13cd0bc545ce03674986247d3a210,（
1669fdfdb3393c62315985f511a91abc563a0788,交
167569df27e091bbe6b94f17b25e59d01eaa7f82,城
167c7ac5ed8f96ccf8525d1260a948dcac062640,漠
16829f299f9a5358d1da8a41a3a494e2bd7e3f02,秩
169c12f996aeafd1b171e8bb7a3a9b357fea98a9,p
16bc1f28611481cc895f343e90caf448a3698704,ル
16db01f3adfd8a541666fad36e6497f1e3155cb2,脱
16e5595baecd749bb42bf3532008ee6ebc3b2c16,針
16f569c249373e93b8544766140a150e7181818a,壊
16f807f032cd877a31bb582f290cd5d8219a1a72,逝
16fe5f768151514b5db4e12664135f014e26a1eb,ず
171621c1d374a1086640099591441fc806285b9a,Y
172acb4dc6151a44f515317f9c747ad4054c7af2,浸
176603f4df7ac052597d03147fb146cbee9463b4,走
177570377fd682b4ee2bc53063de0ff1f8f78bbf,ゆ
177fb73262a7857d9b145eec36dd28377f95ff40,転
179677cd9ca7f1f7cc5332f8b930042aeadfc4b5,詛
17a3bb8e357c37ac1a1f435689985107859691b2,粒
17aa4a3342a256445f577e9273e805700212be08,え
17dac480c0010ed6d37a85879f9724b35b6cc9d9,智
1802843ab1e639afbb57e238a9850fa1afa86e08,囲
1802847596207476513b1d8687cffc313aa64405,然
180304ca2669a46337431d1c5695ebd4ad5d0968,与
181172efe50ffb058d0cc99d4bb93eaf6f1d9b8e,H
181b6a8aab3042912d08bf6ccf3603433e074363,H
1821628507d34759b42db3ca68dcec843201284b,戻
18319aaeb8026791cc52d3cf5f32ae736ce87d95,王
184b3b4c8dcf7314bc3a706c33831908cb95f976,D
18816029e4f2ee74a6bb512e5d549f8a040d7d2a,名
188c263bbffcd6a54a4361d9fb11e7196e6038c0,歪
189cd6e247f1364fbe6a2160fad946de61081159,運
18a93ed4adb69c16f696b7a6e3c95bd921b9603f,光
18b8ed23a034cb531f8892a0441e9bd340223fc1,傘
18eee2105ae371b704c3d380679624d2b3ac8577,仮
1903966afe94a14e658142cbfc933da262b14bfb,ヴ
1921874706924aa28e0a76ec3cbe6657c1f1bfd1,獣
1936105dd8cc9c842790fcdbe401172891931960,蓮
1940ca69c8879b22af457c9293fcb8b6f347acce,員
195b2c1073fdf57942d8716c7f9956e596353aa4,魂
196a3e4ccd0fb8cee91fe262816ad6682c96fb3b,イ
19b3bc924dceef871bc7e89f09bb2917bbc17114,“
19f1a40577835d43343eb684156e3b728e61d085,印
19f80a76d2f64b76aaf4d5de9822fc6d74744ea9,翼
1a02c3bc13a0ec73d426689939be72aca6614ea4,樽
1a0425db1f9abd813d549af24181155b76c63efb,し
1a1893e5e4e5d080aa0c6ed681745c51c105836a,ラ
1a1b34ed2127177da4aa8b19e1ee043b02280e67,拒
1a568f9d3a581d4bcb61574ea2adc2db3381def2,ビ
1a735ae9cf70cdd92670a620bb6eb6afbb5d4b9e,沈
1ad774c0776bb11ddfbde7d213db6907cd2e359f,自
1adeaf724c43f8990335d0acce3dad338e0aebc5,子
1ae2cf1a0b63fe90265d85e99b97b46357bf6436,差
1aff6fb4eec3fd247917860c394fdb651d2f2bff,赤
1b27e8eda9a9e67ca7a98ad77831873430379f67,淀
1b2cb6b55dcbcc93cc90fcd81949356f97aac385,磨
1b364b913ccbe4519c9eb79b2bd2ee1868f319db,枠
1b4f4de787b201bd66249cb61594740e9e7acaca,d
1b5c8b323426d22a167c6c199359f07cd396a2fa,部
1b5f1df373f4da06167d890ae68f9b10148d463b,燻
1bbd5249138ca9c63d1153dfb4b0fab439a627dd,買
1bd6dc37a6feca82e9f867f9594fea3937bf3831,雇
1c3d4397cab964b5426abc17897a83e4e2ff77f5,狙
1c5d58f642cca45069b715bb76f50f874f9b0b39,士
1c7a8750560029e6d6e1b3da370e7f4861be1efb,闘
1c7af908c52eb8212764f641eed358eb2bb27b91,粗
1c87b6a58c211342c732595895a203a8da42e15d,共
1c8a6cda66373042d972e030b20dd58905bc3122,ね
1cdce072b9ca9f47cb782896b9176a6669d3c351,O
1cfcf9cff598c70cca0d05c187bb4e81ef371da5,喧
1d7fbf2b48219481d706b57efed4e4859844b060,便
1d835212871b1cbfb26b7facec2590b7a6e6d230,L
1d99f8d20ec430c03d710035371f98c2c4c8787b,突
1d9b465b51d79e01d0e674e12668cd2377ad105e,ア
1dc811b6d683916cd75a43a7135b0b2ba42ddf9c,処
1dd5232d45213cc45f0eb3984e061441f9324c2a,始
1dd64513ee037206f9bfd5213f47fbf3a8e7a1eb,家
1e8f856d02aa343b59009f92596fdf92bf4b344b,量
1eab3029b737811fe7af23ab460d74f85d35e246,界
1ef5ec855aeb8e3de3e8e65c984f96f61a507f5a,認
1efa3c0d0868d554ac34c6db9ae7d6da1bfd6210,徘
1f05e80c1996e4a151675eb5cf354242d773b949,証
1f0aa0e74395259db87115a89b01d3178fdb9e76,準
1f297c5e5e8cb6df53bf327aafc97c3641ba7c5e,代
1f2c141407407a2e1a244cdb397d45eb5eba8d54,鎖
1f421a1c1ee54cd0c3dada369c070a4d1ef8995a,療
1f82fa5891eea22aeb4881b8d86515d82efebfdb,単
1fa1be89c0133f7e55bbfbf1ba01142742d90790,経
1fb43b2513f6fc3fc586ec8c84a7d5c85169a674,仕
1fcf6f537f16ba8aaa2d81e5edc37cbfb2d60171,貴
1fd64c32056fb169950d3bedb8c0fce404ee2ed2,稲
200bbe14c3f354965372de078cb2fdc0bb4ee0bd,た
200bd8587f925475b8cc2a1848730d2b159c97f7,／
2016a195cef709d30a1076d1829c7d45640a8861,付
20201e74a5c709dbc1d4da3d108d74b189e73cc6,散
20359c58bef8e2d6f85b5dfbf68d57edc2d0ed7b,惑
203a2a5533bf48df84d3381486feb9523ae64c74,神
2040e8015d8de3acf79eaf40b56baa98229737e7,ば
205152b4eb19f49921e5c63b7523288af7d6cba3,偽
20729ee5e392a9660f0eadcf00cd851556dddcd3,早
20845538adfca06952d31a4f8803c583de32c861,炎
208716bfe6de2e30f63749b41c9699072f37225c,マ
2095b80cd8c4b5d77dcf8483a73d888cebb06ccc,管
209ebf655a8e516a6e88816faf941df8da5df329,遠
20b6a018aa1a9824f8a7c880fcdf82fe1df3236a,v
20bb1db3aad9bd05a1b8d66e206f90c46a67d7ce,全
20de134f9c7ed77116483e82ed74ef3130cd3fa6,冷
20eab2e731579b0a15e42aa35638b965c53bef46,百
20ec683a5b01ecc6e3086f4d1638f28d17050c8b,任
21610d2f86fcee7fc066c7be5d3492a1be0c222a,住
2177bcc70c9355a90f63ca240b805fa88b290fec,透
221762237f2348b294fce2a7d96866e80965dc2b,身
221b283552ad338dde8218811083a174eb2a88a4,叛
222b0361da74c67a035cafcca655075c8493f72a,澄
224961b9342e7a3b119e13e4ef4e7ac846f7cf55,拐
227ab872f85127812621be91395412a7947ac3a9,ぞ
22b59c18667d0ea374c574f44511dd494a2b057b,旅
22c31f85d1bc710c9688513aaf916afc63cc6c4d,数
230ba79dd6f4eac61fa892f82ab6ac7a2ad0dd5a,究
2345581256f2f00859b1900be54d3a883542e698,造
2365d9960ce63d944e8c2764943459794229c744,彼
23682b258b23a19154874a808234f1068e1a2ca6,船
23a4531b250528271b0c7f12ef32e1cdcc439a20,問
23cf6ae1e02cc6fc593caac912c4a5d7a95e55d7,ム
23d00ee6571684b6344e5e3a7fab562262cf1731,悩
23e1466450770346a7e54d030b5d62350bfd11e2,S
23e98c2f013959f64e26f0c3a33d1877e34d43f7,聖
23ea3f37d1f229e441df962d75a7f3fa4cf390c8,運
23f3947f7bc40fb0f7bb0f377fd382f1cd98e6ee,紙
2405576a1195654b7f71eb43201882a178140c40,勇
2422fa32987481bf4ff599e5ccef709896850691,裁
244977605f29243ae8a1131df50cf327efd59518,求
246adf3bcbbd8816e4d045842b0cdc4c3f60d788,視
2480677a4a370dfd3c46e6fe364809ae374c9dfd,怒
24881bd63e0fc26275bd969e5813254477125b6e,ル
24947f3de2cb02a891a45c88b1b9757798b38f7e,水
2495b5aacba87c07c47b800c7e983b2dc258be18,遥
24c259eb33569a11c691586b6bb10ae76047a228,じ
24da703c2f0ba46afb836cdf3e6c171757b4d2ec,議
24dfdae891b9483ecda2527438faba6974ba56ef,ユ
24efc1d5aca0c5249ac0c80d32d57efe4845810a,歪
251769a82b16cd066473cfe4fdb64491e92c7682,果
252b01ce632af3029a279651ecdae51e1e2348f9,望
252b326b29838e6b9557e3203f8efebfdf39ab5a,忙
254cb5e07cea67f8593d5761cb3aa4ab42544298,横
25517b51ee42685406a8a492b6db0322c3c1bf72,草
257737d99d8d9815b1bd2debc3326b812867695d,骨
257f11bceb1ff6a734ebbd36bec16233cfc2d286,辺
258ba1b12bb06b561ab02591df8ebc71f2074289,n
25c0b88ba020d6b3be258bf5acf2f7fa2ae3f948,振
25cd360ce35958e08cd28536ab9ed0ca04a4f4b6,汚
25f8322848e10773e7f5dcfe928701aa2c60563d,k
25faad596c079d6265fc8377e6479da5e11ac2b6,開
25fc250420982906fe2babdabee727a6f81bb759,策
2605d3d7304731d547afd311de4ec766735d018f,た
2635f06e576bbd74a1fafa1fc6e8c33601c4b5ea,リ
26664518ff8fe6e0ec7c04bfad0f8472e94f5c3b,徊
267bf717214195cc299ec90626341536e35b2886,優
268f5878df75bd565a424259b556113ae041f98a,閃
268f6756a4fe27b5f4bbdc1f9a4b6db1debc2a39,可
26a1ddb4993febd071cfd06df2a98352fe9cf5d8,対
26b4b0d842dc187455bb47d1da39573e5aa2e4cc,旋
26dc60a3235c0fd4e5c23a03cf2ba1efbe8bd1d7,腹
2720000a18adab24fd70ff0778c8db83da6261ca,作
272be896ab4d88679257505cd094636bf72a9383,括
273185253ed2b97ca894ec3eec0d64eccbe4f515,惨
2743206c0141dcae95311137811328b120d36e27,多
27461be646a30b897680387d62f201e36b1465d3,扱
27509dc589c63473710702db9f1ab5f7c22ec6e9,友
275dc43f0c3fd71bc64ef540838868ace4bc54e2,火
2762c1090c90b8b69b4450f5b3cf582b734a136c,激
277f4e58aae9bd201b13b2061af4e2722465978e,脚
2795fc71fe405bd59c0202c9c3691d606d11c964,廷
27a0e8bd971759f0113b640a71924e7c454d27d3,少
27c24c5521acb63930f7ba1169c58b4e081dc2da,外
27e8f13ea897afecc85d4264daf40dba46c32313,翻
27f3b24c00581704d9b12b560494e217f6c80766,逆
27fb6e65252425cbf6522547c8efbc0989b3410b,シ
280d3346e5a5c6c721215e5e43e16fa7659bf910,居
281f76559fe8d3b426836122d57b996774e4c8a6,柔
282959de68d5aeae39c4f5023a1c02c73505a759,ナ
28399cd215e72e1a0d7ad5316aae204eb8429bf6,ぐ
2857f29dcba1b2e9374206dd9830ab7c37ea9cf6,隠
285c611b349daaaa56556e59f7ba27a1de8b72ed,よ
2865d7595d9737721a17ea2cbe5cc8bd413db4a2,風
287922c36d2078aafbbcc1cc05e5b006315ad703,領
287bdecc2155efccd524a1557eb3f493b13a7a65,躇
288496e67bec9665aa4b87e589d2119a2a0492c2,迎
2898a210cb151e3e30ab1e7a312f131b8662abce,以
28aec45c9517b9a8d9ecc7f801ee6141e099b1f0,～
28ce973f72ac9382f6edf36c7d11e792cd4461f9,奔
29174523e09b751db81f50c701be9394612f1178,入
291d1280fec7453a509d709e5a16b11081658c71,向
29696b39b4fbd110390c7fbf4e72c8d06fcace63,シ
297a2d94070da7f943cf836252bfc81f4663b4a0,グ
2984d0c85cfb469169e6ae77f92dfd6bf75b48e6,点
29a8f6a74b5d8dc779e5d835efff0f42706a207c,神
29c6f43ca51c1b7706acf55614a245c33c82814b,当
29c98cee5c357296423af4190e01d76b284f5a1f,卓
2a035a9a13d5c80d079194e495d0328a9513892b,醒
2a2019b92c4e3c946aa52296ddab2b993f971e76,償
2a2032761888a901958dd9c290195beeb8276e8e,柱
2a601407e87e5890bcd65c4fc87aecfbe44cf2b6,―
2a973cbb86f5f6b4c528f59aaa28d596ba1e97c3,商
2aa223d57d90ca86acd37ceb8f9effb7495170bb,竿
2aabde3337f669519cfcc94f44c0d3b4c5d81d3d,亡
2ab6a210800de62ad756e3060274e2c4f537cf7e,コ
2ae5c562afb824775ec7a87eb25090b3ff08a722,続
2aed0c8ac1e6a5a30c4220735000fd6f7fdda0b4,旗
2af88da49a903b57a39a72a4a2bbc0cd6400bad6,官
2b16ccb0b23f8bd2088ece5bf52543969011f06e,！
2b382c0b3ac57982d07bfd2b01939a1a57fe27c6,自
2b7cf6d2c206be9ace0732c88cc679ad25f8a2a1,顔
2bccf003cf3e2bdb3a33b1d35548386edae7b3b7,？
2be840a2bb25d882607189cc3156d6ea2ecb92e8,祀
2bef79cf9bd623fbbb44e7034a913d3d3a7e44ad,例
2bf2b86bd27571133e3e1fd31beaaa0ca762c5b9,ね
2c04d253688eb73499dae788bca74526d3d0a67c,騎
2c0fa0576c888fe56e4227576942ac110f345697,こ
2c287b1b3190be8217c9f1916f096c34ef01d47a,参
2c29eed9b30f367db02ed16b657ec2603f90f6cc,界
2c49a65e7ec9ea97250b757d46b1a001f0773122,誤
2c68116454585a8da359f967b18cd75c2c38865f,占
2cd8d8da7673ba056abe2295de4a5cadc895ea17,&
2cfaedd27d78e8b9dba5fab26be2477e6a7874d7,際
2d54d1ce3bb3cff2d8e1a8822773c19d99ef9906,術
2d58b32a5f79e2cf77535c3d57251d826f096c85,打
2d5c42328b4aa664b1788a26e84c3d1f0ab5054f,傭
2d9a2bfcf178d78ad58fd8d9f89856b1aa2932ee,G
2dab1c5f4faa4e435eb0760eb2de381384c21fbf,ブ
2dc5b52978fe0db56423318a995be4a578103ebd,峙
2dce994f974956101cbda827f8056c4baf55b548,路
2df42eb3e764c877d4529aefa1da0b7cb755352c,村
2e07af80998b9e60dec7bfc0dd057de948d7657c,生
2e0d164155a6c96f5750f8cf9cba0c2c70c6de24,ぱ
2e0e6bbd510e19da66d2c721a3e7819eebd0033e,信
2e3b7e5120cab6f4fd52cbeb64feac3a36e10daa,鬼
2ec0c4b562dff1fce54487e3827e33a9218fa4ca,彩
2ecb18d052b1fddbcaa9838df680cdd5fcb03f86,唱
2ed3d46f90fda2193e51544fe99440693a955b0f,胆
2ee4e822fca7ccc7cccfe08473dcc2e00ed6220b,・
2eea5c5b400f517fb216b6454e936545306ca628,済
2f057d2fc630f9fc4181904d1872e0e70d382ad3,弾
2f4bad94b489064b740c934eeb337ae4817df7b5,壊
2f5386640bf7f3939dc1af8e1a34ed441746ea7a,大
2f987aa2dfb5fb1a1eb8ad5597046e190ca95434,黙
2fbe453c4039dda5bf3d66f9005a91a53986a6dc,尊
2fc4435bdca9e10b67592fc4116771cc60d9ecf3,疲
2fcdede74b5a10daaf5cc78f5b8f68118a6c91c5,平
2fec4262d380fa7a2c5a1fb0d5adb01ec593bf79,専
2ffc851a98ff5ac5ddbdca7c5eb730e0c29adbdd,展
3002ac103fa561347b08d6b92d4beb972e434f6a,恵
30219e0e57e472f4f13b2a4a97e87900cd2fd113,ゾ
3026f9f148fca79dd0f7a2efa05847ca13ba55ce,没
30303adbb8de6b1ae9799d8f42390f45bf744d9d,ら
305885b3298cb6a1a170f1f49f9283fbb0faddb3,ご
307196be43eda409da86f00dd9801c8cf83f9a0e,Y
3085d869fe09777139a95af840a21bdd909dd966,複
30929284827a256cb51788056aa022226316efcc,渡
30ad17792bf4aecf8d2a24ea601c0d95f60ad915,宝
30c61c1c16ce5bd582de0c25a468d97b70ee8756,獲
30d7e808cca26d7a74cada1c05b18582e7c7dbc5,版
30dd33b226bd18c329314deffc19882ab3400e3a,暮
30ef42c83531bc2aef26376d22c248feb87ab9e4,有
31050be421502ba2f38b7ff50dfffd9a28d370e2,山
3109302f0d3751056f268c5b2b2feaba9ef20acc,深
310ece74daa4c6d1d329b55d5ee7da2be2b2bcd8,ャ
313bf69256793822694fbcddd91c6c85bb235b2b,契
315a7ad43e7a519c3a60bf902caf790bb659393c,致
3167e3c5fd70ec31e0e3a3e3d661ea52369c77fc,糧
31863d239006042191f9d5212ead7613e760a25a,し
3188cc0a2fcfc39e9ebbe182a6d7ec7d73221d4d,誕
31b1cc027c145fe2543845220c51fd8f228b6640,街
31c670f4839cd6fbbff9c284155ce86342a4cb75,速
31de4e1afb9d907259afcb2a7aec91f69cb97954,互
31ea8c200d5804c1993117c037ecb4c5e61f87b5,0
31f763a126809c99d70298a638dcfecb145b893a,盗
322a83479dd6c3c4ae13be42c09680647990e700,話
32568e21bee80b56985eae4e0c48d150b037ba09,と
3258e8d8c5298795fceb4d782de80f6e6335c5fc,や
3264a52eb852d0af433cd354e1c7a09de0ad01ca,必
3268a3e88fa55759186b570eee5a0122a2f21a4f,で
3295d169f6806e605e2dbff8ea8d8c8565855375,比
32b4dbb9553da56aeb92c2facdd119d2bb18a80d,華
32d8dd8d77e9211e56e4885cec7352424df75166,輝
3324aec53dc002d41320a22c74c4f47068d8f8a2,娘
3382a67adde0f5800bd94b0dd963363669fbb912,て
338a27ea939bc729fa2b863288cf28f701b7f57f,幼
338c126bc893878a38527fa4c09d58e2109fcf7b,私
33b4fbdf17ce55a24fd2a37c8224d4fc3207fe17,意
33d5f0bed4b2cbb41a3c5e2366641e9c847ed2fb,C
342bd835cc9ac18328832f8b620824a8760e1296,難
3449f601c0f06bef5b2d8f829428f1726ca102d3,腹
347c748991d2c7caa8ecb3b2d7479b4da014fc86,鼻
348b65c5919d124a372eea80fb58a35d539206fd,否
348c6864de3768142b2684dc2c361b4344c97e8d,層
34d107e8b7748bebd12d56c75c6d6b868c9c2979,彼
34d1e79aa0109554ec9f26ca4e99f72b80b571dd,天
34e6f8b7d5d042be630bbaae0e149779880e9477,臣
34f5699b5461857f8ef236d4a1e7f4849ece2e48,庫
350269c67d330d0d44e36c615de2208fc46a8b4e,片
353a32328bb80f62376140e718aa98a5c3586b53,“
3581035b62f25ba165faade497801a3ad25d42f2,覚
35bc216adcaefcd7da3b4eb6623c706f697187df,援
35cbff2b9a2d7e505d1021abc5c6604033ab75cc,誘
35eeb161f9bba9e7056abe02cb3de594cd89d49d,同
35f4e0680e9be7a965930df74a879718dccefd80,魔
35f6047b78c92affe26e145688c38785f8059f52,今
36246dee4f760ef3ea758cc456b614ba251b0e55,果
3654e4f88387edc5614bb1ad447cdcc08fdfcea0,白
36579a4633c5b3350b06bad61431c63dfca6483a,持
36a0e27a5e84fe20d0653e189dfb5c1ed0d112f0,音
36b000b8c7e840be063985767b12350bb6233c3f,干
36b06b6b9ea02ffb0ab3e1b3402ea7b6f5a9321c,っ
36bdca7cb2f28d7d74fd04af52c601aa27b5114e,文
36d20b1acc7809a546da65cbc8d18f48b96adeaf,丸
36e55897471e98534b3f9d3c2c5751901db9fca3,預
3712e6934ef7f7acaf2360bf5f003ce580dbd3c8,駆
371eece545e0fb2d570268cf7df3c44d5116acbc,G
373cbd9316689086e93f7caa9096d020b3320fd4,？
37494c9b287abb623f7f4733be0a319c689e68f4,詠
374fd06e7f3f49ee8a06a77a97997f3ad9f5b73e,育
3752b84c63f7b762f1bcff367924920bc63ffc3b,伯
376a7ba31521dcaf3fba80362e2658ff41ac7cfb,潔
3783f2547c0c50cb424c44e482e7c60c5c153398,秘
378cd2816ff49596a48c0a4b3d01f66454352bb5,わ
3791feceb87be8bdef807812d7556328ea103cac,英
37b4d50b70500145cf7006e62cdedc19fa18462a,技
37bf7de79d00fcc39da64b7e574ac2f207a95c70,帯
37dc129df325c165791db8aaed395375f877223f,識
37e28ecae2f8ace143022164825b31c9b0fbbe7a,軟
37e7d06a43b248817c90d7703114cb74860ffaf5,属
37ebe2374665e5d92f4f059aa52bf2b39e5eae64,再
38012505889416167bc04fbf8f95765204b0422c,猫
3814ba5148e039d9a0b361cd94232551b1b99ba7,噌
3879a33ac8ed8f658e713d13a74c4172048334b3,ポ
38a0fd7c7589c3a2ff3b2f747556594cf576eb33,隷
38c7b3a8661817858e5cbdf85ce77290a8171b77,纏
38c90adf7f5e27cf5f4b9735ca224c9b967c42e7,他
38fe974dc8410384e17c3f1a16e866ed8e95eacd,ャ
38ffbdf8386f867a68b9d05b9eb0bfb1bc2b3ddf,絶
3906c1bd8ff63710e41ef142dbfcc5e49adcdf31,常
390b7359943ee79ba58e0230c4ee2855195f52c5,命
39102ee2f4d06804605bd1a07c93ac77b8ee8833,収
391b9fb900133bf39cfdc86aa4946048a86a1216,ゼ
392aeb77f42b330956d914dad07891929111c267,騒
3934b09ef8feb1bd8f263c3e37cd53f156e1c580,e
39c58eac61189c59d0010066fe68e32a440744ba,V
39cf956fcffca3fa4ea37426f42db675ba29ce5d,来
3a07c4c8aac49853d8fe86f0bed4fc85276c6c35,示
3a1f3cc72427649a33b53056915e672bdce56a81,乙
3a334dc8fc579f0e8ef9a955d768143290fe9bd5,率
3a6ea2e1079a284b3f33ccc2f5c63691f3d76646,勤
3a7b6fd239d71a84ffd3ca95ed00ec44eb302f3a,標
3a9f26c585ef7ab22d7a2873fd4be88b1202172d,幾
3aa98962ed4310c99ba1b3499b41466b29c241fc,ヤ
3aabe8a5a0de1dbfc3b04e77b23f9ab6f35cd11a,逸
3ada06fb1c4a3e51a6aba47cccbb51b668208047,物
3ae097e4e9275635366b1b90d9554694435dbc7f,o
3b1fd50bb4eaad3642b1cfebde99359f4cf96a03,頼
3b24729fa1c5b28b2ae856643ad620a3e30d440c,灰
3b4f2b20a943702d550a8cc367c1e987b987a858,作
3b50e604281d2d853be3cf1f8c53656417eb5016,底
3b645b825add527421aef96696ccf7f9225cbc56,暴
3b93f1c9be8658da9462e08d9e57fa1bd6221530,殊
3b9d156eafab21a5e8dfe495ae4d2139db35ffc4,麻
3ba9373563fab84fcc2325f0431040cadb2612d5,緑
3bca87aa3ca7bd9e7bade7791751157f78ed7429,間
3c30ffd4db277507e4982a5d79d603db412d941a,勇
3c47c7b05bdf01b48d09fc12b547f929d2551242,高
3c650fe5a5d52a8e9e73aac87ae0481b915f91cc,部
3c76074db2cfa73bf5c5a52cacb14c08be1eee9d,Y
3c936b1a053faddd3e736bff2e00eb3ee4e6890e,番
3ce4decb36e996477e961cb9d6561d819bc31b16,納
3cf225961b79adba2ef921d5af688ea5d1a25689,害
3d029628f9e5b1c68dba9a2a0a0763c79521c819,掟
3d04308aece1279d423370cd0c40daf4ef56adaa,皮
3d0d7948f9058b553fc0f315a35e58fb8f8a3d7e,ら
3d1f4007baba4c68d2962efa72bb96d3ea72ab5d,爆
3d3e2a9cb3288dee8d72b39d619516c0a53e747a,字
3d5910a6ae8e6736cbddc170c97cd0d0c846b4c8,貫
3d5ce8eaba6b49151378dbf049e63af8eabe509b,与
3d6cd85739d384892b7e734ee013c3340f5bff95,く
3daa3077218ae4838e44555f6c7fb8e038ee4850,浮
3dd59ebac8fb76a9237920c0131024909dedb885,朝
3ddad9d55d98f8a4c93abe6bf12eaed020eb8eac,預
3de296848d6fc20ca227248ace316963e0215c13,突
3df60db7b661b24670681d6c021286f0cbd21bb1,顔
3e1fc4994e65099c6433df39540cd43ecea921b7,波
3e21a94d3c483ab73d82e3358aba1323f7149892,れ
3e6a53374e19736447e8d7bf156b3505a94d04bf,K
3e81d1ab295df6d8fe5639cb9f5cc97a3764b3e4,K
3ec892a7f0eefecd3d2b20e9eb1d8f3693a8d7cf,歩
3eff2cb2584d751afaf0265ec90cb20d0f7b0d3b,を
3f109499951b9ac9b0019ecaebf21a938b7a9c54,就
3f3ec767d5cc9a852a9ab7ae2e50927c4398bbb6,召
3f640da3e9d734d57bb8194b7c4e4492b65416ff,置
3f7200eb72804b6ce021cc06e1ab29e34f6f955a,港
3f7742d9f883e16e6b8ca3b00d4d543878555370,豊
3f8de041733faf4938d6ce08be509cd64b35ce02,合
3faac73b158f032ebd11dafda1ef89eaab67be10,泣
3fce27622fb7686c94cea8f2b43f492267d56b85,般
4019ab3f43e876af0f6781052888cee74de13fc7,げ
4055303b8462b503e01e1e6bb4418a73cd99a0c0,l
4059b1dcda6871de7afdad041718406f1089e446,義
4071a8442aa7e432a5445b8e14668f425ac7196e,倒
4107d69f591b0bab62aac39a6caee32c97e264df,三
41141214c704a09f4fe737bc23b3655f51120940,裂
4115a476584cd523ac1d5b0566147ee48612be72,富
4132b4d2c79ee539b672975afdac9e025fbc39f3,廃
413eef0ca23e4cd8ec1b545f1f6773834a1f64de,嘘
416a69dc1c9b950f278702cb4e2bb2b106b07981,と
41afd986c4ec55ef1fbed0b01ff5ad49038b1f67,其
41c5f03400d0fd82765f22732b70a387a520a107,伴
41cd7ff399c011d0a353a22c062e2edda534eb0b,珀
41d5e6557ff84946c6c2331dc01ec556c5a979a5,求
4200308f5f0917a5088727c907ea6f5da9ffb7c6,組
4254fd69bfda1cde015bfe35ea20b55e81a2d069,血
4265bb5d881aded4bc1d69005240d052a4dccc78,教
4271366f1c4bba1e67ec0dabbbbe56c557fab286,騒
4274b69eef0dec75b2c69bfea8a9770ccd5440fc,敗
42aac09985c82a69c4db67a995dc65fe924da0fc,報
42b734008e3f1f95dc0e58ca67950adeb01a474e,翠
42b7d5833d2b5884ad9dd0fea58b46a6393b57a1,防
42f7fb2481b92b0571badb69cf7f6271aba88c8b,見
42fce8a280813b92ba278aa7b0346b555f5c9b70,問
4314d56960bd354358632cf209b5b333ffc0e5ab,穏
43200035e27227894a4b7ec0511c1b3270148d27,真
43235bdbef9ae5259a1ff4fc5ef70b15743c7d31,」
4324344e12147ff3d4f62143313746d18c91ab8d,α
43255cbf9463044d923ca5f0b47a211d754d4340,訳
432ba1e419e6845433ac98b0a5749234ae4adbc1,送
437ac8b5fdf17deabfe2f975c8cf730834c2da4c,罰
43cf7648e6afa242011d5df8b51aadebaa7301ac,湖
43d50c1afc18a2a8d9afe7dbca9bea1e71e6c33a,行
43d7d650ede85f8a3f99d7144a0f3f363fd497d4,退
43ed54b975a23a3ac02a6de0becf0ff10893679f,件
440248457e21f219c23ad9a488fc8498e889745f,G
440918d2f0ddc2c61aed2bd5a78f3f044b8b3f0b,な
440be2ebffb8e0173206f4cf9c210fa1df9eee06,恩
443a674c469af7d3994d76c4af034180ff9ab97d,覚
445fce60bc10e15a4df0173e27349d2016fde98c,潜
4482633c27ee5444af8747d1ce9945a635bafda6,壁
44b1df7574fa47942fd19c3c2ebdac75c2fb7f9d,R
44d79ec43795a4958693fc444c958b2553efc980,鱗
44e5e36b53b7ad31e968d3b0fe469a37c42b2f79,二
44f62f88c58f0e69541e46024e4cce84aa04dc7f,き
450a5d6c5888e1c6220306a3bea2d6e5b6c22e63,硬
451436baad2517d0adf7b9ed90f3c792bc196239,種
4515a4c30db96425ed2763bff49f32b019ef3f55,級
451abf5f6168de96292df2a340d4236c612291be,丈
453641582a78e59fc98fcd2dd168377d95988f24,刻
456fa6eaed683ead3dac416757798ff976c959c0,情
4578e9770b7b2b468da8d8acc23de3ad7be51900,乗
45995cb39735d1bbfcceaa380e342a4542e1961a,荒
459a80f11db65db400014860297987d4e763c1c4,直
45a061a640ec9ad707c08ef17b3ba3776111a753,I
45e769e4c63294016f53015b7bfadef030f0e620,鮮
45ef9e50a531ccca66b87896e4df4764b1961ba6,太
45f99dfc1c26c8261833d0adb3c2e9076e352922,黒
460a3db51af88b339176b902842989751c3612de,設
4610711cfc9b63fcd022793c61b3f10551021d05,出
462c54c71d093422ae6c5ff1f5b1182ef2861453,逃
46718d3fd4f13fca23c8c69445f7f3f9e9087acc,施
467c9affac7fa0e1c40b431c462a59e9dbf8a253,歴
46dcfee813fc152803dbd4cfb75ff29ddeade67c,e
471996f6cddd19f02cec304f4bcf70fd6b14746d,抗
4756e5d2dc19abca9b73ece4f53005756c44e54b,面
479239532b205109e21b01498ce385f2ae29569b,C
479ab39795b8d9dac81d9dc5969eb06fb3dda566,勝
47ba9251c80b31532c53d3973b2a221bbdbd57da,目
47e5afaf6050753a2fe70c726db3639109912fdf,賢
481678586bcae1228d9693ad2e15117bdafce338,書
4835bc3b1a368dc2eb81e0cf907b922334750b41,h
483f9753892d606e0ce666d8b5632793fb1f17ec,l
485896e3586c60314f73ee265e3ae273b245c706,ミ
4875c27540baa5dd3993db5caf10bc95b06f421b,ア
489ca5364f388ff36d1af0eb12e2f3e10f4606dc,奮
48a0aaaca6946df4c51a249f2ad8fcf39acbcb91,シ
48a824363aef3720deea617f904cffa02a543df9,形
48c9ba81d0f81b6529e915512df58c181642a8eb,ワ
4902e6baab9f8c2ffa0532bb56145f1949c881ac,馳
4913ba1a187607e9065c46970e80cc035759426e,殆
4938e7b6370655d725669c7eab10a2b9254a89e7,全
4949b52e12423d7f090c36c0e92e8d375700111c,5
49c8c92b2b6ee6be6ffaa994d9c04fd8c0f4936a,瞬
49d534fd0149411528870fabe1f6db9b1899aa53,注
49f37ae5669078207a2bd1ce346c08e861538bb7,侵
49fd489f15c4cacf47e9115a2535d2c5dba5cf76,替
4a274a34509ef4b0650613f7b937c8bb2fb29f47,ぱ
4a94aa792b23e154075301c34fdfc87eb3a4ce99,燕
4aece69ae8564f6685a8616231b6939042b0a4f0,定
4af02bf035dcd3c48f0c130ab6308b6734d2a138,原
4af6c80dfee4a0b68f1c0b9e68752d21fea678e4,c
4afa8a72b1a7c42a83a554eca44381c5a3e88889,姉
4affaa042f19d7dd48a96688b3d64bc12fc73afd,ヘ
4b04e18c7851031296a3960dcd9311b33eff3c7a,A
4b34da31e1aec1104884b8408a947212e3524423,ヴ
4b6a5a536f79afd39b75d2591d46cde975b6faba,途
4b73ab18727104e99d04b85ebfc559a1583b0787,致
4b7dd3279eb939278adba4fe794c2a5c4a2b6b01,迷
4b8021ce7d25f10750d121a99e6a0c2081557f37,法
4bb43bc8a16e6ea8f8a7948650f883465e445d7c,唯
4bf302ef4116e26460323bc2a0402be56937fba4,剣
4c2b827d506a0392370c6ad9eb8a9a783b2fca3f,俗
4c4b16067c9c85c991a8e8a88ee99ecba057412a,闇
4c56ebed75508418c3326b94793cf5eac4ba4e31,別
4c694678f41158a404e46f1eb20925768e8d7c65,づ
4c7117b993c561ee056f08eced5c4d279d44f079,実
4c737f728657e4efacec6720e4941e5a2cc1f782,道
4c7aced3e0e86d2ac5a1aae7a1ad0696900ed8c6,軽
4c858030d3b33c6acf159cc4c867f863b9d54463,心
4c869ddd43f2a6dc9cbfb3d29c1a3287d6c54f5f,誇
4c8e5ad2d8ed9e5c1b5457260c0e3a5eb63b0994,豪
4ca5962d81bca991d03f1e91ba9cec8793af2863,ソ
4cc9ea1981802720452060db76381f4926167426,幸
4cda7fcf2c694f0ab88cd153d6ba31cbabf490b5,g
4cf9944a7e63743d961738f3cf60c32c2fc2fa38,縁
4d5833fbecb9637b373f9ecaddaea4fa20cf8fe3,脱
4d7c43d28bc17518cdd7f58be1c45380240f2982,p
4d8bb6333ea9f32338bd59e8f9fe743fb38b220a,漆
4db403498f4400b10408c35a8f107cef412688d6,追
4e020e6658ffe8a74b808baae033b516eba06362,O
4e06f6e7cb6434e445574f13880159689b926593,棒
4e1266e3ace9ceec15a384c03a5ef6881d2418ec,欺
4e232a1f5bb0c5cb02d78c38025193a02e164e72,返
4e39c0ecab34c5b04ab07a6f841d1ad2db4f9eda,次
4e41cb3a6904e8bf7485408c798f838d150f13bb,送
4e5479084fc31dd979af47cf08b8e891503fad19,受
4e54c293f1e382b06a54f9f8dc8a400d65947594,欲
4e76d4c0503764792f9fbd45ca8d32b03c5dd8ac,セ
4e821f35da42cab00a1f7287da4dee4dc17b8ba2,尖
4e83dc8843d8dfcedbeaab80cdc2e598de480568,術
4e90172e5eaa29b32f899b3dd60bd2ff6b62fb55,嵐
4ea15128a25e1c9aa8f0e85ffc45aee913240a50,惑
4eb51802f916ceccab28e04b2515707a1c8bef63,栄
4eb731764fc0676af605049e998c0bbe0abbf089,父
4ec28ac5c4e2f197d67f952defdaa6b887ca7497,既
4ecb6dcc44361f2eb14eadd5f23f937519b30e93,補
4ee4f5a3d591eceebacf1e1700d9557ae852bc59,待
4eeee4532ff6b8cccbf5464bed83213aedab9298,扉
4ef4e4a9b05b754ff22e180f37119de85538a156,配
4f16e8b1df3f36d578c1d86658f59739dce0a3cd,索
4f61a40acd5122d99adc061744f469bfea541f5f,翌
4f6a5bcdfd7c5c02d593899133acc2ae49676959,御
4f977ff2499683b15e6d1db164b4eb8182b941c9,史
4fa8c11160477bcaf410ae1b5bfeefc2a9335d72,黙
4fb8faf611c1b38d89e1372e53187b70371d9ec9,飛
4fb997d6f197e55d2593d515d15b60b50ef37ba0,惜
4fbb2b28d530ff3fd9d2fec2325c60695fa021a4,ハ
4fe1b6fcb4a651ca589b2f3a6afb5b4574928972,セ
4fe3325cc82a8506d97e5d91096d742f7c379f78,甘
50104f760b93a0a912fd82e68c002fd9a2707958,E
50117599b08c3d1b2394a9b63588b711a6553cf2,焼
502cc43efeeaa567d23d47f492e0accd5ed6ff83,聞
5046b245f64b7bd4126ed346a000f6a668680ebf,別
507d0b0bb34f8124659ed3c3287bf9975836aa35,陵
508ba0f23293d12e81f83ea5ed84ed68c5c0914f,信
508bae87ff676ef0f67151dedd1bdad61d2cee23,燃
50c1d5e7c1da7006a5d171a6f3da75bca97e5733,燭
50d002d88f0ba177be11b5c46fdfc8b88bfdfc2e,略
50e4f5cf0b5f27d441bcce002a9795a01f8126af,鏡
51007c5889d0f6bb23487657931b933fb8d7b992,夢
51105377a4409b827db95f7f3fa4f3cfc2cc786a,屍
511256552bcc3875bf57746b684bec3078342f48,混
5115aa5553951743d5a6ffa0c38020b6ca476972,魔
511648c02b8d3596a4f37855d05511c8436f7834,好
5148831c1cf8f9173a6eb01a903430bed132aff2,繰
5149f52709f8cb432e31948db3b159510327bee5,は
514ef5e9adc28d15ae656ab0f2815b4413e6ccb1,像
518e257213299a28141f590282c164177b8159b4,創
51a2c672b44e2dc94ba3dbe21cd1ce562fd08ce7,止
51a582cb6d3ca7201143878f5660785477efa526,請
51c8a15de820ceaedeb35dbe8537cb0332e93c10,『
51f8d297dc02cbf0bb02c43ceb9dab9b13c1ccf8,床
520ba90c5f1eb8a1933061a5d7b9a408e2353a80,覇
521c88ce85e8fb354c1d3d8ccbdaafddd5bc66b4,建
5220608495b1acf1ff38a64d0cddf0682c21046b,溺
524aaf1e6c9a4fbc95e138e2f1d1831416173d2d,お
524b3f361fa9cdfd44ad59ae1be55a68efed7914,乗
5279938a1fe5bbd595a14fa1829772ef2acd76a2,下
5288e8f560af64f515cac2052c5e1966a8bffaaf,婚
528fe533dd7ba5dae7ac917094b7de0fbbc5da8a,仰
5294842c9af6785ac19000894072b4287466a00d,形
52ad099ada12453ad8502512b9ea80df5d6d446c,周
52b6d284c156aa4842b4ce49383a7ff97543b446,に
52cadd37f32f4782448a5a3f0acbe1171df7ac7e,待
52d4240428c0a7e6ca591854587bc98a5adcf833,根
52e59498a0e10d03f872ec3d026749a9eb697552,季
52f5e4e9f702011f189eb642b9036f7aef1ea3bb,届
52fb6aa38c9292c0c63ab3b0c8736eb751f470f0,隔
52fcb17e4aa7615e19959c2763f6ad9c46d11c36,か
5318d27cd0454ae02d989a03c50bb2e0a4694e75,胸
5320193ce69de8ec6d7535f6a53217146dafa623,禁
5329d37467345c8a4d828d06ff2b7e1fe2b9a59f,武
537a7864555eac681ae2287b2471aee79665da59,嫁
53940ecd8a8f6a9e8dd133bb6a3fb8ef5de30ccc,邪
53a151d73b5acca7ce4c0b0b452be2e22ce612ba,所
53a1531298c8072329d0eed08d8b76b7ca52527a,I
53f3e8d4bf8c290854fd49887840bf6195dcb1dd,着
53fe2885377f02d397f1fc4347d1250e8e2b9ef1,杖
53ffb1ac0a16341c619cd577e5e47e87911b476a,え
540f2dfcc833b5090afc4485e2917ea4638d788c,白
544bbb479faebcb83e1142ab995bcb65a6984710,的
5484aff00424af999a0f9ca845766395198ff78d,詩
548dc7d1200a07aaa6f829b8eb8f6919d520b2d8,祈
54d8b53ed20d18de5672a5ee3bdadbe345cd5609,未
54e3d442737ff7e0b77ecdb4e79c05ea66059bc4,言
54e7da8f537e6290f9fbe39f4bbdebeb5643a09a,呼
54f5707b376d4a080130168e9d82b8e806d7c81b,う
54fc6eb3817b256e63a5f59cf0e36a8ca9ad0261,逃
550889ab7502dc9205b6b5cc745b10a441ef06de,系
55232ce0c5a63d9539f01b1c96f42004a74e0559,下
553a8ca3ceb0b247d77196a29c186d1147ad2a56,9
55461ce122ec787c4275ca38b993ab6d724f0d85,吹
55616da1175e56b04d3e462afe6749163e1f6707,郎
55865295622a03b75f46b65b0f257158350b0813,姿
55899a93cde68605c0c6ba1b66251cffa8606b63,り
55a49201ae4b1549b0aabcb131b451122e86d19c,快
55d4c587023337047966e60218b71cc340a2db4e,近
55dcc2212c75a8947b5b2c6dc1bf933923c35887,瘴
56209424da4aa70668a7ab67d2dbd432ee3d3909,瞬
563891f6d9edefdbfa7d60e272ffea45af293f2a,く
56588ca10303a06d5cfab42a8c0cb5e05eacfbcf,唱
568732ec8fdd4e754f5ff705e244da931a4e132e,記
56be31999d523b43994520be6c1b6d56a85cbca4,嬉
56ca4436b9820a3a2a05356ebc6ae2baf36805ec,銅
56cbc638c1effdcc1a8f0dab96a7232ad1ad8b75,ハ
56df588bc2bfa865bd113eb36fd1216d85b09c6a,振
57135b7f5f3bd9b6bbba64d6f56fb72371b70a90,へ
571d7f440dcf67e830e5eb72c06ee7ad867d5f8d,影
57793d71b85674be16a2174e243adfc9c188ff29,純
57a69f7bfad1719f2256d26d6059008c0f0e1c80,m
57c5b284c866b616ad4f6e198d96d84319bba879,村
57fcabd6908760a3f243be6b4483e8237e0e4891,様
5808e45267cc22654a44862c933eb0a6250160d1,だ
580b35a8e5317671feba07c34d0ce22e20079ad2,っ
582f6b8397fd56ecc80f7655a1cd26fac8b4df8b,環
584281140563958d9bd990145afc5b988d4da921,ズ
58511aedddb41032b157db4d946bf242a5565e6c,処
58592d01762928f9a11cd780120bed7c458a1a90,貫
586503991d1ec95c6bd7d106a50d02229511424d,匠
5886284c368b8a271af349a49219f0aa0c709c6e,遊
58977f517bb12218ad50f533f748bd26053aa0e1,書
58a02ef423912d66e576180a8f88779e52f0be3b,可
58e8a1fbf298c3fc220573f769e89454b412ad5b,仲
59219be8c3b2b3855d58256b237fa77b93f7e099,衝
595ec8d211ae9da2918a77fd7f8a91ea51f32afc,奴
599282eba343e34f71179669f056b48e576e8ed9,筋
59af64cbe4a2275800518e590eb1bb2d9c80f2b7,T
59b3b7c9ba65a6ff698e50e80566ddfb8eedea6b,蛛
59bdb736c5600ff8b9268bb84f447815d0391773,ザ
59e657c74b5a5ce8863a8b6109c40a7df62ccc57,メ
59fec76b2ad5f976feed42dee6984172a7473908,四
5a02aa5cd1f48a8657d2d4d9b0bfa574836dd431,徐
5a05800094244a7eeddbbe25f47afa00cf12feb1,素
5a1618d0812405d2d35a288e0b8ed94417a5fca4,崩
5a2668a366a19c7dc5d345fefab4f0341b7b05d1,泳
5a26fb766274d4789cfc9ef55e57f879b361f33d,敵
5a2a3270a057b98456a9f072b9524d31e7e05165,小
5a77c8e1e100727a09f2767274d011c50765498e,姫
5a87d81bfa3eaf92d488fb72abbefd208cbc7dfc,応
5a8962769f2e172b79cd9228c2e758ab59194925,T
5ae1c74906aa01b41b84b154624ae16fcdeaf87c,入
5ae7da8350e082ca3fec7c41c47d839a81f5d145,例
5b1bef119e371574661845eeb38b9e0b9209a4cd,力
5b1f6db3bf50840b0f3db4f81ac497c8958ada99,巡
5b23fa08a5a329c64bab31a95f6caa36579a944f,戦
5b3b6dace62caf8be9eee52ab995a9375359a766,一
5b4a0bdec348a195c395c9b7efe5c975ddfb3225,境
5b614a544035ed336bb8264b404e8e69ae8da469,喚
5b6f004780f5847e5102ea3cd9103120997727f4,治
5b7aa0e20c2d6382fb74387f119e966e21f2bbcb,招
5b7ad71c074fdb88b711f91905baa5e7e26dee3d,ど
5b9b1d409defac48f654346d7aa9e05d4ca88d0f,適
5b9eae3b10d6b8ecb8dbcd7ee8c5eb94fd13d8b4,置
5bc2b8f97ec69508a5992d540bb5827ec905930d,妃
5bd1029057dc70bdf90f9ed70c38db107420baf7,越
5bd2a1d60fc5c61d981ff576af247abb2b68a29c,整
5be4a0eaf5529a5017c643b7a3e93ac09c55281b,と
5c2c87db687c17d56f0a41c92138695843409eb8,体
5c4764901502c3a7f2dfce5646a620cac8a5018e,反
5c4ab6fcfa887e41862fa420493bed92302f9186,五
5c867a13f4f74783c4c45b58672f3f7e8dbfdbff,懸
5c89757afbb36ababe572d653091e017a2326b57,』
5c8e9e58e3d3e2bda63f9b2f97d9d0980ce262a3,楽
5c906c43320039aa98df9d4e124a514e2144636e,能
5ca0df5bd898ecbc7e3364b8b67dc3a482f8ea7a,や
5cafabdfb512957d8e6cb5f2364ef80ab4020a14,差
5cdc28801e665ecc29eefcdb3de3d01d096368af,い
5ce1082be810d897d56e9f34a69e208f37e844f4,色
5d0315a7d4d0d0b4796f6d025b5fe96f7e4aadab,海
5d3dc1503c28a3bce5e43afd42c0868d54018ba4,序
5d4214b923455165609d0c28223fb613764d8018,T
5d549ee0af764223799a4b94b841be8441292454,語
5d5c93222a00cb87961b48153ad46a0f7a2e8053,1
5d736437f337904ff289f240fe5385ffc5759462,保
5da2c9fcbce3641d8ec27fcf7277f43d3ddde3e5,縛
5dc0531fd80c2e238615c29e6733a6122016f424,勝
5dc8db9abf2d7241e34c82ed28c137e35a191be8,階
5dd065f5feae030eb68a85094b057807b25125df,マ
5dfa55a079cf8a07e366a86be31cacfa42dec664,状
5e00a46ce99d130d666e243fbdba9fffa8cb46c1,菜
5e3ccf57fe553e48a02606f7c4e952a539e1ccf5,会
5e4db0f7a1492e64fab7ce22b52cfa32eb58dc62,…
5e56f8ccc08f3b0427b7dcdd03d561504941353d,叩
5e589645ff1d1a737fed3cebe3d236313e9f3000,勲
5e67f3de345f5567d9c5fde43d54272bd43d2213,喚
5e67f65840762ba8f389db510203b7c4163ab179,百
5e9240df86389ec9524ecdba711bf5482cd86dbf,ノ
5f1fe7605f412f98dfeedcdef68963d299db8d6a,刃
5f65652b6a8d9ba886114c5a9e3545276f5c1e1b,案
5f749730de29f943c368eb378f7ca15047966b18,づ
5f9e613125d224f657bff47077c6e2dc40e4149e,安
5fd782b2728d0d9f8db7234fcf039bf098379392,咎
5ff7323b759fa55a481b0e97d5831ae31c62e677,最
600757aae88afd3a453aa45ea399eeda5f2fda54,モ
604d7112f7a7a28c38b6d7accd393ce4fc8f5c87,閉
6064bd743c46830586246392cdf4d23cce9afca7,符
60a0aef093e45a9d2380c9bd408fea50280abb4f,承
60b0a07cd48427621ba334990c5c9f97e769d5ec,ん
60b389fc8672e83efab2467a3fe0f4b18e3c6050,漠
60c231b3475f3682eccec8168370adfcfe94427d,唯
60dd762e2667ac585d60b1dfefec58d2c628a798,ぇ
60dd9220c5d6349b276a1cbec52653135c010b27,べ
61087a9dbf6ea67ff819634d85f9759c7d650b6e,殲
610e1afdf61649db1bac8631496d2b9141d8c11c,史
6113280e5a185395d371a639edc2718959f9759c,良
611c218454d0ee9d64c67263907b4f18378ded77,常
6137fc12ac8a057a16b7ed4fae90ca90e126884b,利
614fcad8f6c036faf0f736bda3dea63a57003d27,妹
61d250c41dafb9cbaffb35f4aad99e5b658e917f,取
61d860c30151074646f0dbece460f355f689dea1,へ
61f3100619e7b6e2e6807db080701da59f066e45,章
61ff81e829291b86b9429c16d637211cd647e2be,怪
62090fbba79b0f05a46ccb64a20e383cb6b239f1,良
621a188efa5999aa076b69b9d3c7cdaa1187ec93,探
6238ce9916ddbbcae42699c4ed41699c089dc8d2,竜
625a35a5a0d9997802164cbe42a8f96c7a917766,ク
62baa7cd1fe4be492fda2b57abe1f683754587ea,ひ
62cac5fe8cea8e3614d26ee8f29cc0721c88290a,甲
631982ece39702bb54929193d751334b140f73f9,ュ
6322413399ff44c0fe4d1be3471f9f35465aac39,u
632bbf6a8457edac9388e6a6af7bae8ea9d88518,毒
63379b2bcc773c5b4ae951e5d75015f2905b1cdd,こ
633f44c845ca34884952b39594823cd8f657331e,令
635b1582cf9385a7b665ce89c6236c41ab2f76c5,高
6365ff5e0d9cd28e4fb59ee6fb9afa3108a03273,芸
636f639af1b2ea2f9215bc47629b4734c8b550f1,屋
63a9d06a8abc6addb7a11ba397d999d13f05df62,争
63caf7ff659e98695fc9f2594db91ad283b310bd,制
63e56210221a3aa0f086f9a1f769922a506dd445,蒼
63eba1481bc04e262061f24010f49630daf97eb9,t
64095e4755b5fc608ccac7d9c064f914a8243f7e,穣
64155d83d88c1ee12b21dc7ed8df9f9d1e4fe5f0,黒
641d66f5918c4bd1e8e76482f82ac3f96c1f3b83,欠
64268dabf78063582ffd73481c8a4b1d0578217f,劇
64446362118524958b487f0327b227b37af74d2d,る
64462ed33c1c6bc0ed34e951cc2b5c35f3af6731,資
644b89bb3ff39414f036a8b8b74e124d1b6c60c8,集
6456be2e695432c115085f9cede4c81c8d41cb8b,告
648c73518019912311102f31be80ad60f6f1e4c2,者
64d32e2a76af5785ba32cb7756e65e5c2f0e2229,赦
64d67eb9deda462986c247c869e0f1031ba62f73,兵
64d938926942d57112f34cfdcec209c5b3f031dd,深
650f269972a62feba3a00a2d2780cea0b85f36f9,o
653f63e6f3f155027d588aa01b2c3b4a8b9b34e6,戯
655f3f603617487449d9229d2d387fc72f81a884,財
658ec4385d87e8c3316b0ba7df82289d7c01eba9,め
6599f5a6bfbf8f664967a49eaf7796854fe2d8d2,墓
65b386071ab3d25a7ecf96c63720fce1d595e1b9,仇
65c02d8bcef669dfdb976f7d128ba83a2e49c81f,産
65e6af1e0b751cace96e20849cc370388eea30e0,徒
65eafe7e2ecbebbe297bd1bbdc5f1e1c772d97d2,似
661322295065e436c29fce27c75f34458df648be,電
6623fa431e9acc05cc475c2091b5b7ebb1809b68,連
6631ca50f6648feb6b3a9a13b06cba1bcd2d6cb9,祭
6645f3f3dd4b09894f683d387fc00ba63c96dd3d,故
664ccaff654628fe8b0b9d28ea13f7c81dc59a26,護
66baa07956c2dad1261c6d75dd01d7627fa01fb4,争
66e45d65524010a1ab710369d55cd769f1157cf4,理
671203cd3f8477364723722a1eec5c39f1839d2e,吸
67174fb6530753abbb1cf73516c64dea8e0391cb,立
6733f9d9e333871f27ad99e0be561426cdfef24d,賊
6763eb2f53dfa922da89f538536e89cea0f4b0eb,哀
676d1b6178521444feae4308fb4f556988048d84,塊
6785d5eae6f7950d193d297b257e63dd0074c82a,用
679a8fd1fe885173d0bd65ba13e179b35bc324d0,リ
67c26517e66d6748346578271dbf9fe65c2be5de,鉄
67c2ceea0e4a209a61b3f6e3260aa26420c11f52,ェ
67e1ac663cb63956b54baf722f1b39eefcf91b4e,厭
6809b6c888722264a7593b41beb0e6ecd20ded5d,痺
6849a316d9282afdcfee1580741876aee8d7956a,き
68534a80af3ed941c98194ac8c2ac7d62396d8d2,器
6854daa2060906d1a0f69ddd44f9ef7b28065f6a,抵
68792f94799feb778a50a1fec31e30c0264b4db6,一
687d36f2ae6fc0ba4f4ce6f4a49852016f8288d5,z
68a0394f748af16b2b0b9727671fb27b20912bd8,ゴ
68ca368ea5cd5a5a2c8377dad88e12167be5170f,女
68d5ee61e876efd3beb3a45032ff928fb318b6ce,が
68dad03413f3232a9326630216cad567e1b1bcc2,聖
68ffc5d96f3ffa6c848276e89078e3e06a8a6ebf,相
6927c3871da8b013fa4c0f8ceb6bf6bf9dcdad4f,序
69339dcab4bd7e6d64865d06f8941ffef365b4d7,忍
697c53292e2d8805278e67530794aae6513550de,海
69841ad96875828016c5210c4e7d8170bc25ba0e,潰
699fbccd8ff4ee9a85b68abcd7afd55fbadb61af,い
69a3d18f866a245b16ef5b735477dfe844fe073b,：
69c014ae0236effa5c7c9a07815b75e279595993,膜
69e34b61e8f68f1d637fe7bc3d359f17399ea5a5,足
69e4e11bfa41dd66c06769d3cabc7d2936d73bda,打
6a02e7f0783124936e45e99f1d19f2d4d3a2c693,態
6a0cc0f9c7f7e55478e58cdb139d21b1abd77d7e,蛆
6a1eff2499126a4e6077d064a05df91303d04e7e,連
6a25bc2286448596becc9537f29b167902c328d4,膝
6a2a43ec396f00126a3cd0a841693fe0a2dcb200,場
6a47ab1d19e8e52ebd7ac54b21ada71e97901eeb,残
6a7da728e8be1090771364275c76fc7d1358fe21,べ
6a989d15c85f2679e777b72d7d1ad3ecff3af6e4,救
6af3c431bfbc229770e787f2f70dbdf3247785e4,舞
6b1d252cbf5e3654c330ff75dc2b58b9d56e530f,紅
6b848598d6f729e8e9a92b5c3815e34b9439a0e6,由
6c283b5f6394d79c013b848e016e779bf173528e,妄
6c2a1592f22f53d49a3bedfdd0a36c261a22ea45,陣
6c2be49ad65eb65c0d3d5c29613cce1957d54f64,務
6c3989c707b161d786ead68f4566a59b16227b80,ふ
6c4c207e6dc3dca78b6dd90b072dad582e6ccd53,独
6c4e74b34b81c8c794534f2e4d1738a92d94dc02,結
6c5dacf3e2193d9662a20203eee02abca7a71633,救
6c70af25fa4de7ceee6d229b70ad2aa18f0f5e46,雹
6c84b09c036455cfbd09f7de069e0f43274b0b5a,証
6c99d212a906b02e98f12cafc1d06b09e3ed0317,P
6cbee1325dbb58a841c1122537751c2477c5266c,ナ
6cd0b810eb6fda06a6c5c0baee36fe75d60448a9,急
6cde0fce3d3cf9f825a86d1834c7e4c7cab839ae,父
6ce2cd02f79a5d4ed7069fa6182d4ece9558e1ea,々
6d13714a60c16bf23a882ae0328d3d73de90f485,握
6d1c1514408cada4d4ac484db2c34be07f8a8498,服
6d37100658851b90fc52a977ffe04bc67fd9547d,活
6d419a255e58c429f8e097081ca98794aaf44292,霊
6d7b40f2fbf929d05145b6a6868391f185a62cda,今
6db0129e993d004e334bb9a2ea99659c18c2da48,？
6df8f75babd32fba60b15313b6241873ff3059f1,造
6e11f409d067e18efc2f6dd7d9408b4bdbf3d527,夜
6e78da545779dd3023310c93b3515e702d38ae06,怖
6eb7300e76e835a90bc456286816eaf10c465226,砂
6ebd9b9cdd046d6a09234ebb5dea1521c9265588,ニ
6ee62fbf4b2a143a91285937ee2b71c34333560c,封
6ee6ad92f2656d68a26a514a1962228ece611bd9,成
6f02723e3762abaed506c94a331137606ddae052,声
6f5d8c2bec38d862837e9f992256840441dc5f04,殴
6f802a29013b1d759cb996defd9b7049ca1ce158,加
6f9087f15199e2dda334bece55880a7e92ff46ca,ペ
6f94ece29f60d6fb4f282e799a888d0dc84a8c96,E
6fb73470c12f502280ef342260ac4be9651873a1,都
6fb9aa1d073f93f03a775a8e6a99947db7e214db,ソ
6fca9d5015d8c66092924eadb12726e6420ffe4f,談
6fd13c9346f9f4febcb3f9c861b2eee6a40e4086,危
6fe853ac9b82daa90d6d529260d3338f4cd3fb16,2
7001c4e53ebbd93f102e0df7d099d905b3f6d53f,耳
70307f6f5e253575969064ebf98fd8dc0a48bd1a,媒
70941ddf93a9ba5b7aeb3fdd99e504187b835a9a,難
70a01fb9a6c6b3a21b7844afa12e7d5122fb9a1b,才
70cfb55933a25e3389094b20749a090d36826d6b,疾
7114f7590284d3b5672ccc79863069b0adeb7698,執
711e920fb50bb5d64ff987032cb432e219d89b91,帰
71318064f723cbffe8c78b091e98b4a35a6d6433,頃
7139862f2e2adc5ddf21014fe763df787c051ea2,返
71413085596cd69ab53d4047ffecd40597509da4,実
71481674a3e5f956f01bb558eb8a43af5fdf52bf,鋏
715482069a6f791bcb2d5b010203cafd648dba9c,暴
715acfd4551ca14f12d3e2bc520e5d1907444994,不
7163b5551a09aff10eba4d4430286b259c4f4383,確
7174dd85bdfdece7ab151754e6e0b36cee13a38f,ス
71db5590352c88701889826ec6703b85cd7202fb,悟
71dbf0afc7ddce003c56ee26f31e63804e56d240,落
71ebb21eb4a0c2be2b28d20b1a63140c656277bd,斬
720c3fe272b8ded9e4ae00deb9565ea7e67122b9,尽
721201fe1cf7d9e930e9c5b8ca146b6a057a3197,町
7222d158cb21274841db8da3ed3800a003a333ed,？
725c4e75a7354093b6118ba4d988fbe78e6e5040,w
725cc0c54a0c7cbffd00415bf04bbd1d01d93178,☆
726ba2949b945eeb01018f8427af7c46a01a0335,さ
72785bcbec2b7c86f63153543fe67a39a8d7f2da,せ
72ec18b89d08506e1f353ff552da75f5fcfd10d8,工
72ed2a22cf82e30c2d1eb98d6d96b7792b179ca6,ぜ
730de1a42ec6f1fd5c75eddaabf185d2cc318c40,羅
731081794d3f97bd75812dac3024948279e535d0,靴
733475cec1f7e130f6bbd084ee8215460b72ba7a,結
73363dcad305c2c171812fcaba1d34c4169a66b2,延
73371b7e19d4c2075f7ce0cf8c195cab3f606283,眼
734e9c621ff17b4d7e7f20e7f9bc86fcd44eac4a,創
736724d50e9933d76450a644451ac4b45d7126bc,メ
738d865d8aa216542ad130bd79dae28cad3bdca5,初
73d4f5de21a2908a5337fa55db63a0eb55eecf5b,あ
73ebdc576cca0c0c799f5b09dcc7c35a257719f7,並
73f4555a0671aaf68996cea433f50694390375f5,各
7412bcad4b7170ed0e56e9bcd25dc9622aa9da28,A
7413a37eaacf8a3fae10de5393e34dcbc691519f,つ
74bb2d83ee8ac0d69729010514b013c7e72fb180,弄
74e5cacb3fd57eebf0426b0574ededdb07c68661,わ
74ec07a7fc7913aca4a8e61a259ad9172c697df0,叉
74eef0c4ed63f8921b560ca84407ab0cc2bdaa5f,貴
74f95ea3a5b6811c04ce5ce090551b81349c7319,墓
75363d6634d1b8d74c31c823ed4828de37afd403,訪
754ae4ac48546edc2be58e0de0aa436a3e40ea05,責
75cacc155c6ce62377723c14f9ebb5b5f2f58b19,が
75fff98eb3a93dec1e8a9f308c38d22d38a9afed,離
762c34bbd63f1b55b2bb750a8c8f096ed5ebea5c,煌
764291dbb58409dfe5ce8213b84475f9124167ce,）
764583198f36961e95908f14502dc62f7b928e20,葉
76462ecacfccbb984630448fa888808459fc1479,納
77124429860bde3f80f85da3d0863cb6d08ee605,降
772cdd0136401dce88662f2b47f4dc4926856ad5,扉
77454323564f5db06461dfa5bfe84f6e105befc5,助
774ac70572e56424b526d43ab840de0c8a5e8a59,姻
77801eafaff3f3593b23d676b43e06b39a7a9b0c,も
779b671ed7984978fae797ba2093d4b000107b11,究
77aeaa582da4c3e965c57792608dda1b61796974,忘
77c3e200cdf42799848a38427e9fbd2ad6323da6,落
77c3e5d6baa595ba0110ea578605f5547a291198,冥
77c74ced1b66bfc6f28935a1a7c3d8da296485fc,冗
77caa0cd77c983191ef33cb90daeefafb31ddee8,盗
77cde2ecbd2cc3cbf18135c1121d691b650affb9,久
77d31f260d738fd5eab2f43c31ec72d5e7e7c623,理
77dab278c8afd61d036de0832dd57eb3624ede00,歴
77e0d6a0d4f1f366a473119aec06b12264bf9c7e,丘
77eed7daa23efe650af120a20627c1f8b906c15e,f
77ff38831d9e5f549de2eb0ad18bbcf0f3c0f81b,依
7814a308f21ccaac6a4be9072ffceafe3a8ed10a,荒
78214aa15f685d6e7fbc220382d4faa86a7d3407,弱
7848370f9dc12831eb157936f656c283a7534946,変
78c23d555b9d800dbc36b5d2c674a0babe4c0cd0,の
78c958236ed9c9c2a7dbe9e4c9f719c4b46e8ffb,民
78e3075648310f2314aa6afd8aa644ea6990d012,躍
7909f5076203c2133989dd3d4f6f77cb546f36bf,普
7934e4c334a7c3e079df8eed6720edf1ff8523ab,踏
79401a42f0b2d4e82f8bfb08af523480ce699ba0,近
7988e3ff70e4821750e18a64be7d4f3ded37be1e,奪
79ad6fc7de6e837bddf13d581db10f4c4ffd5793,浪
79f0e2f224b18822112cb555116a1054e9ee194e,去
7a26658421439fa372ef97a53af5d89281e9dec8,M
7a29a942f6f8f375c238f2ff50c4b0a3f7295056,奥
7a40d5ffa1a66c54eeb0f25d3d24c8f8f68baa73,廃
7a63edf7f0ff9cc874e3ee61dffb6e5046849318,眠
7a8a3f0302c84849a5d2cd04dde3e1218082fff4,欲
7a9d56005082bab693833ee3b0fff34ee4529ab3,V
7adf0d4e8664ccd977f460c600209ca2a0316e6f,責
7b0246a1d28f8f30efbb56a87376d81498375536,頼
7b09ae788a36f4deff00325fc4a47ce9af53392c,記
7b1dddef8a1613ca61952cde31cb5a0d25a8573c,慎
7b4e95032c857d47320d08ee266fb0c308fe9742,徹
7b666563248ab8239dd9ad0da1b86fcf3c2fc1e5,負
7b832b3c7dae81d70e31f9b799c0d5d3c51032bd,フ
7b880a185f9cabef15f428b02042060f8b6abf9e,花
7beeabcd3cb292379e03df20699f6d2029dc1dd7,木
7c0efb63c2d16ae18adb9e32be818426df46d9c0,鉱
7c11eb08728e71572ad6e554a9e97414de18d7f1,立
7c1a0524d304607f54c1204be28b2ce678850da9,外
7c2337d54ee6c7488d4b142a822640312b9c20bf,襲
7c468fcbd72df5cdb00376e772d74c9d8ef4c665,怖
7c641e2a7e8e9d9178b627fa5ab6a1a9519b3b89,”
7c73145514d087e1b8b89b5c39c886b628c3f0b7,亡
7c8d12b8d2c42538640d26514f28fc300fc237bf,崇
7c929801597f8321db332587fb584e1afae98703,頭
7c94ce98b2abb6bd76ff66b39930d95b2a144ec7,仲
7c9a68fe4da23bcbb004a5a4e54477de7d716668,天
7caa26e0826def3c8fdc1c3e8427b85f3113bfbb,慣
7cbc7cd779bf948528b9c2a53d767870fd54a366,娘
7ce812268772981312db88d384c7a927c3b3e055,市
7d02ca00cae535e1c738ce59de3d96f62dc7d620,説
7d444e9809f9bac1c608a2e348a2f03b1fd610d4,召
7d5eb97db25e3324cd2838346c6d0baa4e301711,尋
7d66ea921b3206f24d6b65a9e7ce6114c29083db,呪
7d9439078ff4aabba53b31cade1b16d01812b891,暗
7da8bda579cf27e99fcf16a26d287d2d8b457773,傷
7dbd9c279db9820df269f03cc8d45584b9e9ea00,核
7dd1d9b3deec97c4529972a9769b73d68c6dfeb0,本
7dd605a2dbcb58112fcde2108d2c0f0ba085258c,雄
7e00ef8a1cd2c9b0115896ac7cdae7b2ab49c0bb,境
7e43de13e1a11e7e2ff6f9e954e741d4bb1071dd,く
7e4689adc4f9d5170a34f840fd6834eb50932eb1,幸
7e5ae933c15004164412781b5502d105fd2ac755,元
7e92948c5e51cbd6db1596ded1611ad13652f478,源
7eabd5fabbc8c2a1907d0ca7f599d512ca751bfe,歩
7ec503562ffb8b2097aef6ab5a91fc2f6fc1e7cd,殿
7ee016d81a3b4ff9b2d85e1fbf4556baa0e8d593,カ
7eec98c878654eb8c215fd9d671de6d28b6229f8,周
7f1209338cc9aefb2d4b8501c1cc438ee9b01ccb,怨
7f31f9a3faad026da867b6587c036660d786fef1,飽
7f375db1aaffc9d6aa9e9cf81ae4842057f86360,息
7f42897cf90cda07c00b548433327d4789ac24cf,重
7f4713527003342b4a438e5c5c30899fb4bbe077,超
7f5edebbca6318e74cc18afc7f27b74a9a09cf38,3
7fce8cd93454d3eafdf25a51416d8433af425f44,構
7fd6ff4e6631d17532ddc03e70e6376354977b3b,手
7fdf8714cee24a6e901757b0c9f0c2cdff89fb2c,の
80011217306b528a378adefd6d11a5f64233a801,候
8015a5f8b8d8ce71614034dc91da412ecabbc44c,栄
8018319e02b658b4faa857495b2eee963ff121fc,国
803a485043d5f70ca790bd7cf34c367e19040390,テ
805a108a975be3039f5515b3585ac991db83f77f,人
8078a61745373b56d69a7020606803781d8f97a5,政
807d0a1eb41c49c17f345288d9fa0f060757d033,若
8082033f0ff9057eed858cb1b82e9ebab4820d1c,刑
8099bdd1bacb13d6dec62e6e8ceb9ffc4245d3f1,又
80a1c9af50089e7fb374e7183f953514912e4506,ウ
80c5364f7edbb0700b502a0d60ced4d86302edae,そ
80d23f6eb05ba851828d9fb9a0c6c8727f1d79f1,誓
80d46efe4ba2d9214eca31f46f9d0dcea6f9f67c,3
8135b33a18735d0705d1cb9a1373e26de58ef58c,臨
814889b11b293bea069f12d2960356953f66e88a,噂
815fa7d34e5b5fc865f5e535d92a6b1fd1a9c19b,決
81753d47d39acac431dccb250083f22565c613d8,歳
817b1ecdc852199548ce8ce952c79863ca566104,器
8199e57f7c5ce25c659b71742affde5aa0a5df56,宿
819d46bea9af37045319b1c29833ab2cf96411f2,兵
81a89fd487a3ec9673e6d7707be18fc38ce40a11,関
81a90febed831427651a8d3926c748c922d1511e,ぎ
81adf1e1e85a54bb8894a9c0ae96ff8f64d457f8,護
81aed2e0abaa0dd9d3b836236710e240b5163213,S
81b495deafb674d557d665e80b0a27c94cbd4419,負
81bb6767432382182a348ec13a86547cc2dfc82f,2
81bcf1c957211718f639839f724ca6b898c0505d,師
81c7cf4792fe05e9cc08af80711a0e4eedddd99f,離
8227667245f9c5aaac92b3f09d49993a4e493378,で
8233dc19a28e4548965b84ee07c58711bc1ca6ba,違
82751742160a020c84decced03d900a0453388d0,霊
828c7e2b2573c360bc66c377c8e2bf40cd702ec9,引
82ab07814214036fec69d15fda30ba11a5e620e9,中
82e930614863b5519b5250f1326e27748bc9eadb,遮
8312ddc71e25158e4dc76e88ad7cb7bc2a755fae,捻
8353ae32f3d2e266adfc2ada67fce07bb38c7efd,務
835585159853d635b379848ba357ba96c59f989f,見
83662537f7c106ca4f673236ac26733541d78e39,b
836ed44bbc6b10296850ae412077d4ceab2e3092,以
836f08d42ec975d603a4a1fa6f4182629a373d96,教
837e352d6fdf07c2db3edf0a500bb812b5aec2aa,織
83c9e9c50afd66871cd6a0d38c31467b79941539,ぁ
83cf44f719786bd496ea355c8cc950a6704e6c12,年
83d943e15415767d18ad0ae2f70b787d3a49daaf,瞳
83da41cf31d0d8c7213b5d24e90e7f9e74617e1d,へ
84368a07763e027e64a2315551575d0d0257ee3a,月
8438078b922a17903f600403fc63b66090403b3b,伏
843ea4559c4beb82592b86dc086a5713d2a6ccda,緒
848df88b115b69f3a5ffe50b33fc13fecf1bd542,杯
84a469e88af258548e47ff818ce8c57f0e9c7378,燐
84ac0d9779e5005e621cac518da92ee2b6bc61db,精
84d36bdd329629189fd870fb4244b38a369d909a,は
84f6b25fbc9c17723b37711675cb5b847b71e91c,母
850d2e0785c51dea5dc8cd63960a1a179fb2de36,秘
853854d05ae383c46c5c9d179fdcc909cd08e723,繋
853bbe3e0af9bf39c6beb9b1e34ae77160143673,材
85b0f958834b3a41159da5b0842e8e551ebb6bbf,尾
85c72a377f29e21ba7bb9651ce938e15e5ff0788,姫
85d83d9ccff2fedff170d5aed6262d564c769416,ケ
860e9254027dcdf7ebbde6992fc750eb3582c699,土
861ef1debe9380442aeca4899a7f68e0afc2cf68,魂
862303c223b90d3276424ed5cbcc1e40585f2a8d,鈍
863283d021e86ab26e4173e2808a3d54bd5b01d5,従
863fbf0fbdfab2c0ee6eeb3133f1e04ed3b67bbd,陽
866050cc9581d81767a4d148e7046f86f623279f,三
869b93f30b8020424d14a61d0b769088fad4db1a,H
869efbdd26d91759fbd046f29d3d891cc46f9f7f,野
86b76ff8c57c002ae4e5c91dde82f865848686e8,崩
86cec3e79c6f2aa1fdb9d32ef164ec71c2bd6897,判
86d2ef499f027dd591661ef5d8b87c52cdd8b632,蛍
86f2af96cb190d44079645e8f678fa40e57ab143,ゥ
8718bb4fc6f0a23e30402035ea065e9e4574bb82,告
871e4b7fd8398117eef3dd80086cdfcfee9655de,前
871f39992d4507f231f4bb67d9ff12b60867ba52,筆
8778080ef915c3a3b43091a50a6190738d17746d,め
8779047198cc0703904793bca921e1a14d8a7362,伝
8779c960fb42b023c964799a303c5dc87423e91e,M
8788bd1c6f9b1c329dc08e10b941f1f9c3e2cd79,O
879ccfc79f100db872865c6c127a7fcc64aa516c,許
87a438e785709b949bdd7d1cff6e19d879413c25,王
87a97c8bc8fc48ff9ffdf5b71a3b38f5934dbf63,払
87ab15be38327df1b6640b83b2a0dac1961a53a9,ぱ
87bd696565b5a685bace4d53d7c41c7232bd7e7b,局
87c30ae52577c45a97959fcfc0edf35ad49f9094,デ
87d899f4d1b18d0d315afcb2ceef883967efcf95,我
87f1d666cad6ce04cb9685f969e264244abd32e1,航
8815aec3679911e6f44441388118a9fa97fa73f4,虜
881c3760d56297e80c7f9848cbb4bed7d3dce66a,T
8825df640ecd8694f51ecaf394920b122440ca55,愚
88592b8f83e20950714e969b9b698b7801ba05ad,1
886057da5846a36f1cb38900f32cdaa340daaffa,i
886f818618b8c3cfd21c6eb4539b2e4c9cfe5f50,曲
8870c52e8f581150593a075bb0f4c94e369ad8c5,反
88a5825ebe796cfe8faf6890def95a270eb2e860,受
88b145dac56e933e1fd356c2396c4e86b7878c15,手
88df98241bbc9c5712b679399a2682c38ee058a4,陸
88e9b8b479eec30185c1df6ab932820f38a22511,輪
8949d4a0b6208c304488eefc7eb50e0f98c3da22,ち
89787b18460a390f458801d71b45c62798ba66e5,挑
899ea1af5f8d36d74fd2b5b5bb041571e2552617,ケ
89a28f07e9fe8398e03b772dc873c2ab987f581a,真
89aec41ad54f865defd5d7af30729fdacc59cc05,麗
89cfea0acf1549a14e1f50d7c5cd37938435be30,選
89eedd2e5e113619142878dceba6f3c396ba9183,殺
8a27f04bb88bd37038404354b73946927c7166f5,F
8a2839180673543f6545de06c84ef9c1168f341f,ァ
8a3f5127f6170523d7bbe1c7075cdde9b9e77f46,過
8a899d6180b8395c0167f06e303b566e9bf050a7,港
8a8aea67d478159d8782deb79b4e2e971b72def6,母
8a965eba5bc08cfb3cd256f0b4b5af9c58dbc77b,て
8aa7a5b2d0c0961b0b9f1b62a3883e76d899b40d,朴
8aa7d434da1e512d58ce297c02fed4d273c793a5,ラ
8af038509f0464c989fa99360c62fb2fb8e35f2f,フ
8b179d7209dbd2ff35f4046177270d7f063b294a,L
8b32f864e32d561bd5caa219a1d9714418d8656c,撃
8b40454fb31c4b51cefc77d3bb5c5197cc9954fb,刀
8b4d95147a4a22904b41065e81dc157caff6c94e,険
8b5d45aecd3bf3901cbf9919013fc84416246f15,ぎ
8b6b0c20e5d6720cb6355181eab05d80b9d23cb8,ヨ
8b6c346aa820c4c1b16a9e141fb1aafdcbac3698,プ
8b6cb5e66bae83f6ee1e26299f83d172cf4aae30,だ
8bafaf335f7e46c83ee85114fa0fb53710670bb5,後
8bb94e370ab0298eff1474da2e8241972b371264,男
8c14b452cabb9cea374526134072c4fe3a0b0709,操
8c26eb8e38dd129ca5f6af9d485db7b894b1d7f8,穿
8c58aa59f3e3774a4b415b9661cfa5d660dceb64,量
8c64ec8f7bd371609f604493669adf3176fd75e6,M
8c8e001f159824fab04c9ec433db2bbc642a06f5,ま
8c918e606fa62ceb158524ef3997e29359b2f4b3,戻
8cafc8f19f64b242f68eec75f6d21fea6f0f3f56,分
8cd8eb789f3254ecc2253e8048aa43a7749d1a84,潰
8ce5d63b35da6ed572ba085d553c5f0cbf898415,カ
8cf883445007cac430b2fd255bdb513cab09adb5,ム
8d07f5f141030d7880f6f1ae9e13df40b517890e,歯
8d0c5181c99935ccf10597ae9d170e063e1c31ca,在
8d0f922f7eafc6aa79429953c4b070f85f65c004,箱
8d0ff3b06455f7b9876902e5334ee91dafa5dd18,酷
8d1f9f025a048ecee0579191f613dc018e3514de,牲
8d27c73d2e4898556c4269ecfe44287bd18a782e,j
8d2c2d0b709aad88ba38f7e8c8a318db9a8f52dd,驚
8d363be08be2e7f056fe300906653042cf5bbee7,威
8d8592b050f92c95b237c536939df233ca886756,痛
8db2887356e1de9edbe320fc060d51269c3c141a,機
8dc3d1244a19a14f322a9b3ee978257fb1a833bd,ロ
8df843bc2259388ef37af3d050f730097fe3992f,重
8e1e8e97bc73d5650067b0ebd39485e36f731020,迎
8e2888d08ad1d2a48ea6ec574666691d981866ba,半
8e3fc48f217019cbd3c73df56d86f25e0d27d15b,誰
8e44935c0ac7b8c2066c93b8b9fcfe125c9b0793,宗
8e4ba8ffdd03ea5f9622baa760247dc551533aa7,ワ
8e6e6869871ee1504ea0236f3868c19486248cfc,B
8e7c7a558d207b165417cc62824eb5961400abb0,評
8e9b2f11493955bb62a4ee8f03e002ff01aac7fd,両
8eb601cfeb9ded75b84fb0b735e113169673c4a9,有
8eb8f42e4d414da15769b31f309b40c19175b89f,誠
8ec56915f5269f7db6f78881d9d1cd3133afe98f,毒
8f25e173067587882dd831a7484fa2227fa0bc8b,ー
8f2cc4e69221a9bde1800e2b07042ba51a03c1c7,幕
8f4f093b695f223ed3e3c410e3cf460915203f1a,卒
8f51d74f01c1a33d5aca4250f6192da245de9f56,択
8f6559442c5e8df3799500438c734a9e8274dd0c,御
8f7f795d631950cf901668f521b84dd7e6faf5c1,P
8fa1dc3b29ddf8bce72e2c13d26389fc0ebfc749,改
8fad38dc2418affa02f305d18627445b91c65128,主
8fbaa78bc7de96852206a1d8dfae908efe3b9aaf,波
9014ddfad591572d4050274653ecbb452158ccf9,確
902765783ab83750950d227130146b35374a741a,完
904a8e1efd31176b6428cd634c8f774faa962d09,導
90521df01ce1c8cc1f64b375afaaee49121bab5e,十
90764d8bbff23b4dbb0b57573f405682624c35a5,元
907ff602d7a2218d0e84c1ff24711e8e4e832c8a,因
90d48d87afdbaa5a0059e090ca676abfc4862a3b,感
90eb35801bb53894df814813aacdb76584bef400,パ
9112279b84eb07fd2f49a15062f3a40bec507327,験
912c4164e333de14054fde4942449b54b65ecad0,権
91309fae68c0502498c81aee92cc6bb8974a9dae,捨
914aed63b70668d170a855503e64428191a4d294,悪
9195914f5f8ab9f2744c80535b94d6da3703b13e,普
91d0922a4a07025818e32237dd4da35121228f96,題
9217b013138d0bce9f67ad99c7db3ab5d247d3b0,通
92187225ec19bf7ae7c497c3045d69339ccfe21c,期
92551f3599cc7277076a6895be72119206c1185d,南
925797a141a3140988bd4c080d90f021317409b5,際
92658ccb2142d3057ea7e5809a9842769c1e2571,ッ
929607b0ac406690659989b17e7bc136eaff8563,矛
92a691e4f6399d73b9242bfb58bb19e50c970a79,思
92b4d0b4f9b2d4f9314ef2690fe8f9c9454bdd97,働
92e1ec158f0e2effb7c7cab65dbe657253e24e4c,レ
930a838d0ab8dfb34563150e9c2f835ac2780af5,.
93368aac31b560e270d64846bccb0bd95ca4a6ad,死
933795c531b0a471dca7c8f4987b92440940ddfc,コ
936d788365bd0dc5749457f86fde9edadb9aa168,嫌
937b63b269c2737d7154ea43237cf1d6cb65831f,…
93834b1c3850ab8f915239d59b8cb52569f8cbaa,動
93c787bf5521b38e6e65c0fc1b5a33bca250e8de,視
93f78eae40a9de9836a4f24ec2e037812f3d8e18,酒
93f98370f0e5aae66f175728c5d2fb216807887a,鋭
94338119d55045d7deec86f19e999a6f54a81464,期
94616fc0d7064005b9f5dc9a8e673630ccd865ab,懐
9466a0139a90d6f448e1810adacfa2c7fa8edc4a,U
94731c1282cda20ecd5b13070554c07a2ca7e46d,来
94b5edca5ac16b9f1c37e5fb6ca19f7cfd97fbc5,牙
94c179f2d642f153513f773a0e76dd74b169dbc4,意
94dfce2aa99973ede71d93e33896e2bd19f7fff7,任
950053345aaabbb650608bd05ff39ec452ce2678,凄
950f62a34e81cf333f235e50320d078e22eb10c1,巨
95299482e4fc6815fd0c15cec645b0077cadf03b,食
9562dc924984642671aa9e76f18ca3eb6a54fd1a,明
958693be83d7d97ae1f3f74dcf175d5b3a2aded5,喜
958cdf40a240b1763e4b1cfe7acca8ff8748be67,聴
95da0195ba6c88cc1e6627786585b79296ea10bd,で
95e03bb15016d0f1452e86ae59403372a7561ce6,守
95fe2f5a12a8831a64fb2b262292185dcaf25fd0,阻
960898bba789c78927e7fd6e50a2922350a21b49,魚
962f6c7b57f3258aa065d4c1292dd6d9ca6c194e,咽
963c65e9c935963d3b63504f0bf871dc6af5a816,極
963fc8859c4c5c9a70734ed1d1d58936a905b8b4,産
9652c40ffd5adb0c74df7719ae169c3357fa4d95,新
966a2aed117e5fcb7112774b4112b751dec9f419,二
967790c7231c71e5caaf71dd2c995f542df69f6f,ゴ
968656052c22c89169edeea4f317b07330561199,明
96a0aafec662f977873f4348a27403c512eeab43,免
96b5ea5a50d700042d85a036f0c6070180c91a2f,容
96ec4b356d26e8133b5d3a7f87bb4555d4f89114,選
970ed38d890959a1b3091e610ce511c690b9730c,費
971d7014be31c785d3707b0d48d4ee360b8c92ed,ド
9755e8b5e88e4c105fab32d60b3e2fdf37b961d3,モ
9763673d2bbed99511d0681ad274d4bc180b2cbb,）
9767f296892094fc4d33bcc818d824d8dad8edf7,齢
977dc15459c3e7a1378989d78ade2b8668c85fe8,軽
978ea5928a590d87dbb41d4650f3968ee88d7a87,状
979248bf92316942abba394fd467ba8b609d6cb2,等
979f876a51f519508923f2888cc6da9170480e34,治
97d95a13ccead0bdb3bcfee20047e91ff198fe36,ト
97e68b908be8c8ac7bb7861521b219a263f0748a,匹
97ef11218ce70b99b0171e7e5a1aab55659db4a5,ぎ
97f5a792126f7c00410879acba26b9d9546359fe,谷
97fb611a1ffc5593d9675283967b76b7a3b8d84c,称
98244fae437783181a63cd5641fb5439380e30f9,広
984496e5e8277c02cf42bb8d65933de53d3c4f74,過
985c8a55290ab5be1bca4dc4a97ee5b68c095f23,2
98702a558de269d5d1e27e356a8cfb59f671a235,副
989ac7bfe38cb04e18605c7c8b45197fca489594,裏
989cf9815638a1596790ef581c5d38d81916796f,況
98a81950282f29094f6aa3f83b61eeb5fb8999fc,隻
98b20127c122156f1426a78566a099c79000f143,現
99101ed2baad7601cbe4e3b86aab9f8a2cd73509,感
992a9a8d6aef0c76e7c5e46c22240456012cbc7a,衰
992cd4b4c48a47f5a55bcd08ef707de625886fd2,”
99324892f2778dcf1d587da255fa6d33709eef59,首
99345f5dc93ec828a03a245609762315b758999e,役
99a94d109f23f771dbdb3ba19b33002c1be8a68b,当
99d5eaec091eb0a7adfb11e8faca3ce052156bf4,品
99f9155b77804cf02e26fda2930f3ee9e2b06f63,鎧
9a6a54117bcec9842977358aab4e0c1dfc209733,口
9a8ec0eb66ae892a2216a021cb7b84fdd9733bf8,狩
9a9ef69576e1520c69ab470c0388edc0a0caa907,誘
9abe0f09f2490ff55df5dc8190c613f7d1d4b586,騎
9ad31342bdde044a64bb20a94abc4feae308532d,臭
9ad6695b818896c6ff2fedb395a340e613701cec,城
9af911c90fc821003c4c60389594e6334bdb0331,ダ
9b3ce54c93227fde4c146849e0ced40e1a199f68,捧
9b6bf9926bae061a4acf70bf33cd1eaa8c96d39d,ぜ
9b7c453ec380cd2d4236659fce9289f61813cc79,心
9b82b7b403bf57808f8e7b042963127865810e64,権
9b8a6a30bc061cc32ce9eb3fce7d1062088e1b93,騙
9bae44540374f84de51d2b951d31931cc51adf4e,イ
9bb61114d82e3990ddddaa8b2d073f9e16490128,束
9bea3aa667480aef58cdf8e33ea02ef3f1b06774,！
9c188d030a86ad5a7b027def483ab728054004ac,像
9c1ce24c01558c8ce85c577bc80c418cfc416808,巻
9c1e0f3fb4cf56a11444df1acec2414badb81d8f,愛
9c2c750001f977d327c6da00ea73f7621d78a941,そ
9c4321fece9bf2da9ff08ce878a3511cd9f6c892,篭
9c4a1798cedc7304dccb994de95ab90597205892,琥
9c5213e8922a7defe9b08606d3a1b3bc89a2a1ef,使
9c80b7cbe237b859f4daebde505af0f4e3571a05,礼
9c95200a5ebce03051c5d3d00d3f88bdab936c10,殿
9ca64cb6dbe34d02f0c221293baa4a7830b70146,ド
9ca9cb624e9dc3befb1e8d510c445a56d0a01425,E
9cceb8ce82e2a312610fc1981ce86fba555cb511,R
9ce535a50e5f6618d0d596ec9c692b2cbf84c868,失
9d196c37788a447847a27bb535f3cc70933d79e9,多
9d1c97411104b8ac7ed020d22ae9910e9ac31d21,撲
9d3b0639d5e9d0e9f49a313edfa65fcbe56dc168,願
9d3c056ac7071279bba2cb822ba215851616b804,襲
9d63e8135f8d69e7c84aee556a2c78f24b453080,何
9d77e0ab8910826e1a76fa1d96dbc321ea997326,孤
9d7c69333c482baeb2eb2bf41ff68211a5bfa0a8,若
9db5eafa60c2f84f655f04c79d7aae56a48c352f,r
9dbd0c8b49e93db31f96afb336a6b40c804473b6,倒
9e12cbae9b29c824bc685c1887282f49598ddd2e,労
9e27ff3c60fc134d23fb7b4c46173a4c45e80fb3,B
9e32147064b68d3619668608fdaaf43f103e902c,る
9e5461764b3b8c0186fe0566d94762020cdf7bca,賊
9e834eeb084c8b6a27f912f6f904c5199b5f5fda,苦
9e9b62e3575c1cc785df9dd48884079aaae436a4,聞
9e9c2451e6e1351c91943d284aaf4d94d44b8ad0,a
9eb4f9909fed6ca0c63c744023a14daec8d2a98e,牢
9ec022eabdcc6e671f208086b8564ac972ef10cc,皆
9ed584bca81ff5d14d63f7afc2955f7744b354c1,勢
9ed8c7c3cc9ca4a0337c4fb0893dc0b7dfa163f6,途
9ee04c2fffcd1d73c51ef5433c27840ec02f9e8d,4
9f111b4f89c9665f30fcef4fd121f0374454077b,虹
9f12c1264ad681e3d57ab50355da0480703ada37,エ
9f4342ebbc62f0809f5931b859098e032aeb1879,余
9f5d8c75d07d8030a27d578106ad62bdc3f5c6a7,同
9f6d1d880f48c44486b332e6f6ecc361e55276d4,存
9f776e37add775ee7906fcc21d3958ab09452290,じ
9f99aab1780d39037ab48e56ea11bf6e47ac496a,死
9fbd48a816d87c2b11ce9d0364122a9f421d7273,範
9fc8bb4abe87d641383ca7ef3d07e8048d53013e,H
9fef9da4e628f91c12fe3a78ecdd2ac92e8dc089,拉
a006af6419a176e0c38834d13c976b54b35f55ea,恐
a0234459ec68867fd1ab60e779bf6b489dc991f1,絶
a046eec7851e1306b0799037badd062913b81e47,会
a060cd95f7c7bac7a04dd460d53fe1bdb7834919,方
a0841d966a67c1b1af32377356771a112282e9cd,を
a0ccf4d60c86804f4a827caf24b1d50b2c9e94af,M
a0e3d8d32cbc586c31f677c809df16e20e5976c1,禽
a0e4ef851f94e1e0625bc3ee2d85db1723a5dd44,バ
a111372c2ba412bb1253570ba4ae73e8f12f0a36,虎
a126e85c319e8259bc441a4575046e38f9770cce,地
a1386e399a2f0fa7f69af6d05b40ab1b3a3d0408,か
a15a7b0cde5ff0232f0feafba0f793181cd9cf39,収
a174de73e36ec4a6f34b23ebddd89af0957b5b06,ベ
a17b89a6d28a5d4c20c1a6307044700f0922239d,ガ
a1ba8e910d25d196df61baebddf9bb7bb69b31fd,み
a1bd3362f9bc8bb96d114ca86d4108f4553d91ba,軍
a1d32d9081465e2614533a2472e80f42e1010640,墟
a207ab83452af404029e6dbdbe4fcefe78acd71a,生
a21900feffe8936ae242344d1a93d9ee01f32ae1,ィ
a24e26db49f41b5fc2b96c973b9e47fc220ce03d,研
a26ca26463368d056a60f1d3478147a45a78531d,犬
a27caab1d4301e553d8053123c06981918150721,俺
a2807f19aa3d7dd2a197400d6f0f09633020a6f1,盾
a29d2bc2c5320a1ee6783cd3dbaffe1d0eff98f0,図
a31350a9adbef495af3a2af731eb90845eb4b08b,気
a36366c2de510b1cae3ac2c306fc7c31697b6386,誰
a3830391c8b55fc50b6619077612c12398b92ccd,鳥
a3cd3f577b097fb9c97db8882e7c89a1445f9d64,ど
a3d5ab69e6eb74e712dbf3d0da1bb856c679e24e,石
a3d89293d678caed0639151e42e40fbe987a2126,著
a3de57a353ed80d82e2665fbf3d867b544e655ef,封
a3e675ed19348472b3dc2f579cdf6eeaed52f2de,暇
a46c97712a7c4fd09bdddcbe08b100147b67840e,O
a4acb9a2a83add8b48808b8f66015a29d7797a8a,本
a4b08eb210181ce471a03a834f6b908c85c2c7cf,寒
a4bf05cd60e32fda8da11c22860cb6e07635970e,B
a4ca0a45caabac0b96f11014ace21a5b0407c87d,掌
a4e557b527d9f430a735d902004042d707e1fa9a,移
a4f81cf8e75474c4f50a3b371993b2924c449bd6,頂
a5412b9b0cd2b9153c8afeaca44bc109c74460ac,サ
a58ad3f05ee185f4b96d57d6a11f7c374f24a1b4,弓
a5ae262c56fd0fc34a96f4e763ca93f6178373ec,薄
a5b6df3e75aea7c046ca5a738a72f1911499a98c,げ
a5c8340cb88544a5c1aac4e359690215f857582a,）
a5d553cf017d7cbf415f7b6515b0861c0fd0f9f1,永
a5d685fac85fc80684eda772b50b1b10b4cd2be8,次
a5fa37b458f3e6892230262aa150091ce3a713d1,射
a6373f8dee20211007a76d219b9b0894f2bd34ae,キ
a67c4eb458c2bb00b5b6d50fd5071a6712d0dab4,古
a6d026db6db6fb218786f123fb62c08b59986a24,陰
a6fc0864eb7d85debe59c97686a54195319a02d4,破
a730f457d71c7cc7db39ffe0cc4a70f30eed044a,弓
a7439c1992fb047fce09cb2a5592d3b233cf7a4c,数
a75fa7a4ac6a493243cca6deef359a4f4f64cc10,A
a76ae853ebc5ea61d2473d21b2350b424a8ffd2f,渦
a799e9352ec677d44a2079c1dfa01b16ff7f37ba,予
a7a404a2591e86e35fe295527f825339fb8e1a34,解
a7e64bd8831eddb29da49ad7663b7e0b371ae17f,狂
a7f163a5e9ad75f12130735f12a7b3170a3e414a,広
a80dd61ba5a62ed5c4ec11ee0a48dc3cd653b491,拡
a85ffda868a36317aac4dade03d905ae8ccb3a70,想
a86aaec6a476e3bd3fee216218724afdc52e42fe,角
a8787572f018ce43e8d07e158d7c9db71fa29e5d,困
a887a9216b743e08df34e4f927e2fed830989ef8,掘
a88b4943abe4a572aa3b6d7995494db127fe87c9,剣
a8bc76149607469fb13cc544536fb2f0134e1715,被
a8c3cea2b52757fdb6377b7886dc1d3254090c3a,粘
a8d6e11d812f23048a8fffcc2699650d607ce79f,貧
a8db51eca01cc68bfec0738004922faa1a13b6fc,「
a8dc3b282d5160b602471b0a54266bc96efa4d7d,疑
a8f69bd4f7bd1b71402d424e7d0e7dd09031329d,半
a903c90e72bcb6106b7788ff0728fafac65dba28,に
a92605e5c91d160956e34280b24e227a8ac0ced4,邪
a926d3f44972f6f3b3b76f97538daaf43df1641d,首
a9518490d136a4c519c1cc49a857bbf372fcba5c,ぶ
a972b837810ad269eb0c995c5d3819c443e5551d,K
a989e708309d991a736f69be5754aec64c1543e4,如
a991248b28d30c60a42638e0aa4120154fab181b,陥
a99577d9e64d7a12f3f6c651383b760a6c77afa2,恥
a997de689113395fdca9b0612cd964c3851fe417,剥
a998676421c7a08c9eb8ed218a2bd7e33869c90f,押
a9b2b38defe210bc24da727e29283a07b5adc43f,復
a9e9e75908e855dc5133c0fd917a1b83c3030692,獣
aa1e4f857553bc2c14b30ba028c89e4c8cc037fb,奇
aa2fad92c329cf8794b0e4507b3925bbfc53b61b,C
aa4e9584d0955208ce7d68723f4834ffbe9b4b0c,紺
aa9e05a6f36e6d22ea74485b0944f9d822ed1062,投
aaa6252228929425ea96e76989cbc9f1a04da8a3,ザ
aae2a0f863333a4f531d79f1addc910bdca648b2,上
ab0268359e572cec91d07c1f60579bd8e2bab4c3,O
ab4958bca84b4015d89e181595a37235376a2727,異
ab58806577e7b36eb93219862ed36734352122df,族
abec43a45ef75ff08930e6b302d771738a7ff463,ン
abefbe140a7e1057736a9f45f9238e739364ddb2,卑
abff1c07831028f3adb35d3fb3d228fca7c3049b,端
ac19e6cdf5b065221b898c39a85400b4e6a7de7d,刻
ac2642bfcaeda71ad8ab6e1cee30c28e54fd99d2,レ
ac30a6be68fe31ab738648849b03d86b746a75ed,品
ac8585e03141d73b7a80561e705e71ef55aae800,辺
acc62f04c12fe1c41b5bc8edaa55bb459b7efc57,ミ
acc6eb6a6d1e4241c4b476672dad0ba02338ef57,味
acf85de3f52641ee32e3846514c614523220e7b0,錬
ad1822251fcb892581122e08ad5348c2dc0db7a0,ク
ad2f3759a94c882198da05948101faaea83012e8,館
ad4dcb0b905e00c9405d3045fb8c57eacddcaa6f,身
ad55e63680c610302fc4e95a2a8d058daffc87f0,掛
ad7a178d480aa2b4c0e64ff53fc48fa197d64a28,ニ
adc682b17b4a2486f7c199e4c648771caf73cfe3,談
adcab94cd7242233ab68da6532b1655ae68cec35,着
adcd4fe1a244a8604c4eb0805decbaef84bdc0fe,塔
addcb48275064bcefa9be06ad0e79863f3c1715b,認
ae04c8adc2950765de784e149476163534f973fa,中
ae081e422b23beaac28e2a2156f4a258b49a0bd9,表
ae1070fbe4740191f2eea74f32e869017cfb12d1,水
ae189e1de6a3c5efe2a189d2c3567501647f580d,第
ae2a2edfed7ff1f218c48e7552e4f41cf181eb94,え
ae3cf43c4ce1a5d4317d618d75903702cff29812,将
ae4b419ba2d2cb42c81475714bf073ef2c3bfdb1,性
ae6dcc17a6b08252e5616fed11fc312569a7c4d4,家
ae6fc129246bae71f32303c377d9241770608835,遇
ae80530b9a9f1acd2836f50eac09be7db3ceed14,体
aea2825fc4e272e0ba37f2197099b363b0f9bf6b,時
aeb1996b3f5e001089a03fd5e577785b9312ca2d,狭
aeba61227ea48c96eb69678e8385f3b2b55b4184,微
aecbcb92fa1eda3879da54f5e4a39b3ce944144e,直
aedd5c23c9e2c28c4ce6046a85bbe03600d717e1,噂
aee34f7c614a2f257798abba1c74d96b7c39fa37,内
af03ce30e1e030c0bda6f325987a076153ad1e99,光
af11cf540f51e719d01b1e85fa07205d1b5d9165,ウ
af56b2ebec60a5533f6098dda76ff31fca6b86ca,虚
af5da2b2b1bd15178c5a4e69a4df27f978c134d3,雄
af8215fe7dd46de0bb991c80d05d5e46d88ca12c,約
af836307f0026afcff424f8abf4077ac0b0dfa99,挑
af8f2578db69c70fc404fc588254ee40a01ed35f,淡
af920694f7d751f16bb7001d0c111d1aae9de19d,乱
afad013eec550965b5f5c4c89c20b211247f7203,オ
afae013bd7c19e64bf7ddade120fed084f7b96e7,継
b00443e4a7ea44b165e5fb7df1d2f12fa0fe77a5,悪
b0545007cd546ed6a7ebae63ae2b1bead4ae9b9f,亘
b064fdf1d3ca6e32c56b7f1749f960d7f51446e2,考
b071d95be292afc9092f694b7699478f477b41b6,知
b072543713f21620823b0c7b22582233734feb13,約
b084cc6d3b50d9723c2e69c6e37b1cc15d6ae399,、
b08fd42b809e53633d651c2f35ae4a3bd06e708b,々
b12106dc73f08f6a45d68dba7f43a7654f285110,a
b12a08c6faae1eee2756dcc92918d2915ab20f57,拷
b12f80520645cb5fffdc1f7f446e7a80ec099259,化
b15ceeb16ef2063a7ce62e42bde9b5ef2ad77d52,試
b16cd4a6b8837dd68aa97cc334a3f4166a3b54f8,築
b1c149e640ac303683082a982c31365db5169fd2,薙
b1c1aad85a97ef74526a9b3d82195ec19717d743,必
b1c684ca2fdb59d9eddbf5b5810cd46350e46cf9,能
b2105cfff9c61d7c14134774eeb3f4434334d694,売
b21499f8389d3c4eae6945585dd77c97c667e9be,秒
b24a24aabb28c007ec8593fe844bb88abeaeed7e,虫
b25b2a888a9d53fbf9eb5bd673892e2a812e77dc,未
b25e33f3ceda4b77dd2cd1cfe26c2998d6eb3e92,お
b267d2ff3a40b8954141338da1029bc5b0135f58,軍
b26cb5c0f5186153671c84e16b3d7b83f17ae18a,畏
b274d30f9fcadcfe1f235a11f713b5af67ec4d75,至
b27ddb05a20a12057893501f7afdc113c7f12f86,敗
b29aa5609c98dca8fc9e9dca730762a1ee1e9b06,驚
b2c43100c414e6fe5375df064b9c5eda157050ea,繋
b2c937e4070b6bfadfc5731b53fc53d5caba452c,ら
b2da75dab1771c6d14e00becb3c948273c5863a1,溶
b316d6d478885265ab2c6aa9a9cff5acab4e0c5b,C
b32c99d54959ef1ac82c6a0d957e7bb1c7855b05,参
b3754106447b0ac5efe7f019c597da527165e002,も
b37f41a30481f0292ea0cc4699b7ded0563d661a,ご
b38b0ec6f4221b8d42aa1444a562744c80d044a0,D
b3a7a281b360a181ef8fceebebcd5bf0cd85814e,復
b3dd450f2f40782d54e1e1eb612e77ba8094d436,頂
b3fcdffedf79230562478cfc2a24bb5b93cd9b75,ッ
b431db9b426375c1c6d034f99fab3bb0c23590f3,林
b4325c0aa21264faaed5742cf0e040492ccf7aeb,謝
b43dcd2aca5b62cecba3fecfb0649c87ae0a9132,年
b450d971b2b0d033f97238f2c7284653d866db56,幻
b463c03397709c494517c8e1e22014fa4ea9a3b0,寂
b498074009cf6db8d44ed7e6c4aa4efe059baee8,ま
b4a3120bef32b249aed1546f203c6164e7de1249,艦
b4ae8d8623d16b5596ebe2e945dfa4a8176d7e2d,ヴ
b4af864990b868f27db72685e5ee1e2c51aff755,詮
b4b0c584bed8f2247152ecd80b6f2beeb5d9b5d6,花
b4d59519f857cbaae90b5b4bde0861312b1cd1ec,h
b4da4d2f86b83c642c36d90b2abe9b299c8f32b9,控
b4e4b3a33d41ada643c55d5914ef174d6e8a3bef,第
b52c5fd2556b51629cc1f60005b8476c75a71079,孫
b52e61088bb12349d60a57e2781cc42b3934af4a,槍
b540d347dde47f90f174129847d11ac02902cbbd,右
b5501605a4ffef51ef0f73e5277a806bbbfdab69,覆
b554098f040b835e91a8e32f209a0730a95318b5,子
b59149a268914acd2f706182a27cf1a98ba13aaf,編
b5aa0d095e3e2802b9acafe1c6c86127294afa65,無
b5c09e685df969a861db696e8758621717ed20f9,密
b5d779d9a16beeee78dcd6548eb12b1270007d62,消
b63e5abc5f217c3f0f5ef165de18f996da59bd50,順
b643854f82496daab830760f7d9ec456aed7b9cb,報
b6507798355cf2198f5bf7bb0cba602250c76a8f,ゲ
b652f955ff51cf8f9e0f47e030a7617f062a6ac3,裕
b6754f80fe509532dc79111bdc8fe9fc6a7638de,妻
b68d637e925b7029efbeb414f8fcfd4d31c51e4c,ィ
b6aca03a438cae458a96a5e2c6a07bb5f0cb94b8,材
b6f98854a27dd515a76b774415a2aa99588b01c4,横
b700e825ee085e1fbe4bc2c01b78abed8364197b,説
b742e632e339c3495b53f620a2a46c6ab9d14292,ろ
b78dac25bf99f15f185668e6f5670d2fff7ec2d3,？
b79b386de922f3e6998d8637d781c122abbf0bc3,犠
b7ade76691a3db0778ee757fb54c498bd39bf68b,興
b7cb8efabe1282a9ae3327b7a668956106b32146,息
b7d4f498beb07089f35bc11a10065922c13f8090,踏
b803c5d9672d01d46c9e4c0877d64e7d2915abaa,黄
b80512af73d84a05dd8bd4809be56520d6fc3ad9,弐
b825c33df5d77514b98d146bf85a1c34a3c77119,デ
b8714373d5955828544e2750e2fee6ada30c8c72,残
b884649580bd618f383ef82e0f78555a3e52b7e2,忠
b8ad763a3fb8b04d5a0005dac754e9d715b257fd,ろ
b8bacee2167f1703f226b950675120bf4853364d,猫
b8d153446a04ac4597d1c42f8d7dbbcae5ef6866,兄
b8d2d836298241edeba2828086f95fe88cffa9aa,舌
b8e2bfe97558e8971855e21047c76eb619ce1958,出
b92125ff30a2f64def4f7a525de94c6067bb1aa0,似
b93e4b64d9575f99a9cd2f67598f1796ec58d964,採
b97f4d6c98104ca564a778fb2860a25ca6aac894,冥
b9e9268caad44bc8cb27f3433c19974c73c6ea49,8
ba37a2478ca23577a08b25366dcddcf92ed7aef1,回
ba55a0384b25c4b764b92c90cdfc355c95a16352,が
ba7371246470b6c335dc4d9ac6c4873fe4dc5ced,決
ba7db6318e7a76361673c91f1eed62b08dad7e5d,亀
ba8d6e08c6944b3eafa0d7c82ba5ce81a6f54f86,E
baca6d8ceaac7fff1dbca8f0a9249fd7304bd17d,眼
bad59a68449fe3110d4777a6d5aff6a523ea1f3a,幼
bad7a8024cb6d0b87a94481e27957fb82a685044,奪
bb14f31876e1d0c2b5fa578faca734c925ba9a6e,攻
bb255a91a8bfe85922d92de7945d4677ad7aaddc,上
bb41f8a91c868e31b18abd6385aea60f5932ce6f,焦
bb6036bfeea928ac288f8acc781239e3d6a317f8,乱
bb69a6faa1357f24b57c3dba9437bdf9a2a67581,虫
bba3daacdaeb2b27a0e01927e66e405ddeafa541,兄
bbc8f5aaeb580ca54d72eeeb0e99dea81abf7f02,故
bc1b3f2b7dde7a29c598dc592283f1807f37166b,廻
bc452860f22b6cfa076286603f88faa0250c09f0,跡
bc556d29e0e936c28d24f3446a8683927af9e787,場
bca3aee6099cc489e742e781aeda10de7640b52b,通
bcc34953b259aad9d0ccf62d8e9b113dff6b0549,N
bcd011a255723e7c47da29eb9877a3b0628dc633,助
bcd1db7f87bb6051521c80e35ad2ea0c57ca8496,習
bcdba0c31c136f67cf0d2c332b1ab7f16061b003,T
bcde360ef39959c69659702476f5ac731c8b86c5,B
bcfeb25e2f228dd3a6684553d2990aa6ce72a90e,シ
bd0546828e67423b5e511b688d49f77bdb07563b,映
bd2a3c55b1369a190c00f5f6d198d37998bce6ee,永
bd3d816726e93ae4215598e545f98260850a3827,揺
bd3f6738a5d624b02bb167da4b9904ce7b1dbe70,続
bd8a5c3b324973ee62b241650e8eb38cac0600f7,不
bda43e75991595fcafa3c68905f6570aa136ade8,掴
bdc349f01b58d8db2210660b6bbc08d56a62d451,写
be02c9993f5e9f86d75060ac78571bc9509087ec,久
be1a269a5905cbb3ca51ca71a78070402339e17f,敵
be8d9ec7e6192ebc5bac8b9152197a5a61171325,策
be9677dc13bd3a5c3a4c9ff6cbe05488238aa1fb,り
bec16ddd8053cb7f2061326deef0879e115c0350,安
bec84cbf21e13bca580003399084658161ddae2a,薬
bec966f1ad9a6432db0af91d994e5cfd065231ef,墳
bef4d10b5603e1a767dee0b530f996da9a4475de,雇
bf1b4af61145fce2479b0e36bde1ebf24e3b6766,β
bf2dd9b3965af87fd4eb893034198ad41cbead6d,ゼ
bf3cf9dac11a01786e748447c29e85c2e22d4647,師
bf4a47c89f23164eb62e0f22c21524fd36c63b07,き
bf78fdd6c0fa8d752595b558796bbaf715bd3e6c,弊
bf7b254d4e85a8aeda5ba4469fed642c5b948235,野
bf7dda31396fb94a4943be3558d2e971d262ba0b,ふ
bf8f7ced7e77c625809093de99169cf5c954372d,論
bfa5cdbcea2caec0fb4e1c7bd3ad5c84c2417c5f,S
bfb264059112cf58c5f767da6fbe1baa7fcfbc20,悠
bfcaad85faaecd8d20b216e78bd618627da6c771,愛
bfd13cbb45de05f07f05ec8a463e47ff8447dda0,親
bfe3d3f03236f5de4aa4c889e49ab762b3fef112,及
bfefaad5f9fc58401272447a87b86f065bf8e523,模
bffbe087278de26b9bdda134b4bd5507e008957a,習
c05261443a30a7b7a8c6b10eee76e7107694857c,輝
c0537c21c34184227ef79165503cefa2ba30f927,九
c0b58580aec403b93a7bfc97db966531b51030e5,牲
c0db2e45293a5d80c0cce29132b12c6fbd033ed4,ぐ
c0eecabeb0817177a439a010582e6d6fa81c99f8,凍
c1018f1f7cc526583482799b774d36870b45b6d3,曲
c136dd735e8a02e6da45d717e8d1809272fff28d,（
c1843bf6e044635843958ead85b72c44bab6ba79,指
c184ecf10906b94d133d6eada6a92b8408ac512b,烈
c1af2f2aac2e1818e873722cbc32e0991076e058,仕
c1b995bb4fd1f33590eb2823cd1f13dd14a1439f,背
c213fb35b882347609434e18ff1b5fd158bebb13,食
c226d852304596088a62d950a660da55449a168a,危
c23a2a4147dc158df14bb0e4a0fdde62fe7ac38d,業
c2558bb49374aa542ad01a5de045e7a5a24a5cce,v
c2a9ad8069a729e17bf1ec9d2bd2a545f7ee7847,ュ
c2af70dec47c3bced2c02e50156670411a342430,拳
c2b15dd9150ca78cbddea50d60f958252f4e3c03,小
c2cf596b5bef564214c31de261421644408c2dc4,伐
c372be502570f6cb692a0ab1ff9c137ff3284b4e,空
c3d83f6e97ffc366326238d627667652a387e072,火
c42bb95ad6871e15a07c67c04ed8fb8d7a0c3f6e,寝
c44012eddd4de95d62af7a1e7f7299b60c34fac8,ほ
c46c6aaa1447f38ecddfbb4822764326018f9d92,厚
c472d23bd5746ee9fd40c3bfa00e2a3a2c32c177,束
c482c0572904afab12f80976f4d6e5f32d1a2870,ズ
c49d32b5c804f92034ff37e23f77cf81fd19da12,間
c4a2a106aa26921b711713baed58bc01b294cbc5,鷹
c4c5ef2000b0483201e95356aed885351bcda69d,目
c4cd8271b94e9ca15e3cde8d2161d2c386394f2a,鋼
c4d7d9e4ae5e28eeaafd56e87309cd10f662a616,撃
c4e8a22ab204748b8f611bc6e211fa7ac4376463,！
c502e2642ee1c770e5bfc362acac3c578f01a32a,江
c514dde170d6bf7b1cef2562e63a0c2191a28d58,売
c5185e13caa3f43e40cedd5a4cdedf57ec5ff325,買
c534b2c99225fe6e3e9165ebd4aa7355e29bb5a5,雷
c537d6b39d672a3134a2ed86dc6357bb898c43e6,開
c53e3b365a26e143814eee6ae208757202ae061f,更
c56926af99baabb085468d28429c3e7e8bab0ccb,。
c56992100140eff095f5b70b885fe3c1641c8d58,伝
c5703b05540cb817caff21a4c6446904270d1855,挙
c585eaec306a51a0a05906360de3297bfff8627b,げ
c5c99ba732169d1ac8b569b5711390a00f753a2b,讐
c5da5a3c67d7ecf88af264318629e18a3d9f7a4a,腕
c64bf8e6a41c52e5477cc94a97ead0eea2f7078b,素
c6bd4a88693c3c4b336edd6c2c82e3b25c8f3d3f,ダ
c6db94313648a53cd2647950beda6e987a3cca2c,競
c7129b9ba28050ff413c1759f9ecc4c6624b2e75,バ
c71edcf0a5fe76c54f170f932f6fd93a22645009,取
c747be8d2eb53a39f7072ff29bcfa3026f253fb9,在
c74ba08a4b94c734e9586e684a27ee4f2d31a7f3,ギ
c7612f2c53528974ca1d15d99df7c4086c05a5bf,N
c77afb667ed340554c2235f8ab15542e516af343,衛
c77cd632c2027e6587f0a811eb51ce7de95cf95d,フ
c79c7a41d6921db58a6a838c8559b062a4e6e810,夢
c7adb15571c0858c37897a1cbe9379c621661d3a,統
c7bfde563ec5e0a674d7f965c36be0a3679203b8,東
c7def073edf94fdfca81e477e497925fc92e53ec,供
c80bb8628b1d9c39441e6281fbf0c3e255b01745,冒
c84c3af8364f76e41d78d07a0da616feeae6ede5,チ
c85d460326c401abb31fea192dd3832ec4bedfd5,ネ
c877630e3c5e3da3436c37b1d24d31ab6af3b1e0,覧
c889122b036edf094d50bf0a742f56f482f9358f,厭
c8b6c9c239446838a62b6d5bf5bf55e237005f0f,孔
c8b7822e716cb9ac153bcbabd198abf72bde89fb,退
c8e8762bb62dfdbe8162c63707b46e88532a5cac,抜
c90647c0dccc5b746f95b86e3f83294b9b65b393,増
c90b5d9af92cf3c2be9d42e6a2cbabe48a87b2e9,ェ
c923ed61987db563b44683b60c8787723bc3b6bf,考
c925fc46e3716db822fded2a1ffca5e7da7ec148,得
c93a394584a891fd46050a79dc5de1976c5c7430,愚
c944cc8de282a422767398d6c0b7a85ecb50ec3a,捕
c9724bd1ed719cb0807e90b65806994ace7677ec,ゆ
c9e470055e258b4bc0c8d3eb832325e12cf19ad1,消
c9f0647d04cf225c671f8c732d2fc1efb60e0c07,闘
c9f1cc61ffb86271a9814ce5ec70b513ed659fac,読
ca1990b4644dc608ef6739a9e582dc801a8fa90e,帝
ca41a6d0eddbceb1788aac747b569a7211ceb52c,限
ca48f8daf5e525d24fde544bafcafe7a89e2108f,為
ca79d28efd03d87536f292b61921a8f798cacf6f,加
ca817b825baf0e6c46ca700ddd18cad91d6f055d,者
cab6be1e6ee51690c8ef643bdfc0b8f27b9b5dd8,丈
cab77d1011cad64e51385e4db0eb4afa7266c72c,観
cb08318b78609197815e7e405709c9bd8aa46987,継
cb3d3b5cecfae385778503c8c472e9ca93cc5f45,守
cb3d9dfcfca676107bf910448741638c55b199f8,望
cb3de3027abb8c5f9b8e8103327ccdd20c81de56,殺
cb4aa7eb3fb173b222ca6608e61301c5bbaab9df,接
cb9e0391a5c2a2c11a96e337e8a66e15d781437d,ァ
cbc9e288649d8e0aa56a0f58f0a26a217284642e,静
cbd3084dcff3b722604b7626c6aac30e6ed368b9,答
cbdbcbdc092213616a42b3eb7399f5f4521c6ea9,粋
cbec75aab2ff2a1e379aa9fb9c0c5f6f8d35be57,平
cbeec62fa5144e747f0ca9b7c37a18afb8689cf6,興
cbfd5eb6fe7907546d2136aa9c35bdab41ca219c,情
cc2c5417ca51694052f1e45fb11e05e01e75e406,地
cc3665bf54de874dd7a33c964bf14cf1159475d3,鍛
cc6e444fdca2652ae8befddd77ff1f421c6f11a9,他
cc837b8822785df9e987d6d641a48b0ad2632258,グ
cc887c26b2e8632ac9269e9633b29162b7f4ce88,計
cccd7bdddb4df64a85e46c811acd5aaa5446b42c,現
ccf4515b6bc71cc6c40205f4d247952b6da2179c,己
cd0aec13d5e94ac499d88d1a356f767bb276a263,利
cd36888906be128152107dab805177598d89b82a,味
cd44ea5c7294fe2892305eb16f136d9cad5bf7b6,む
cd4644b5949f736379f6bcf3cfd2516cdacd3c1f,気
cd53f370c477f0535de1d05da21f96027c3aabb9,埋
cd5a4ac1343a2d1307407acd8c0b3e02f883b19f,后
cd6393624674c99346ede7baa814154ab7232838,街
cda290c390656b872802cb2c64e3c239e627e8f3,摂
cdc719cc749e553407a8c9ffa61b565559dba3dd,老
cdd00d51c5ecf55c72089f00cbfe11449b32b1cd,大
ce337beecd1d62ed6933085bb272755b9175c862,源
ce8a1f0c8bd5ca26aa72499852df827d4f74adc8,つ
ce8a3c3ae3e1be7a973a11b3fe657734a616aa35,ほ
ce8e546d21506a256c182d502737d10e502b2000,遜
ce9dfcc2719af0570324aa2fbb88cf146d41f475,団
ceaafed2b30e8f7f5fbfcb97693fad4ce3041d24,類
ceb6d308e41c2a65d770c12b9a2a23504a508d8b,変
cecd538c25c967b411a75d2a54d2f405d2ea88df,統
ced70e959589c366b95551909e41263bb372cae2,面
cedbc5041e4693c723a1bb528d9f245571fac899,ん
cedfbd49ebbf015e7edbc99bee9485dcf0691c92,後
cf199b71749c8e4a6d5c065f4b3aa367f42628e1,女
cf326c38f1ab00793f5ec7e6f4d90b21ff7fb864,劣
cf522e3b51eecb816ef096ee4d34745d135817b3,解
cf6f1c5379110ac3053a581f036bac113a7b09e4,潜
cf7f041eda4b38cb5fc1ec875293f4be05f1e081,ネ
cfa3c8b74c0eb908e23bcd6acbd582e8350c2422,ぶ
cfc52a0907693c717e527087b917bfa236fdc928,何
cfd3c5e69518fcd8a416d3e3bc87515c6ef1f11c,満
cff46c75da387db90e2159c04a11f56898559fdf,縦
cff5ca6a8a1b0c35123ae647f5690a6009d15e86,正
d005055e397737497983da58d6e365bd0559df09,西
d034ce548f75dd23deaa086e055cc56b58ee507e,貝
d078c6cdcff2d39831a7a71c5b2954e16adbede4,あ
d091282b9080c7dd4daf67c2cc4a4998efa95040,竹
d09a6143a497224c2b898f204f2a83dc7cb1074c,耐
d0ad2158021d9fca7545e5eb9a5d519680bbd75a,均
d0b6f95703470230e247fb29451ab8fdba9b9b03,録
d0cf770bc7dab9be958b41b81929be0ed157ca81,異
d0eb558da9f13eef91a82e03253d9f021fbb6076,所
d1295ff14da8ba65352db5f71766547fb1ecff5b,始
d14b5fef2b87459f37e1efe37a1634df3d39f231,も
d152632d38bf48efd997f1f7b1635b506aa3a5e1,進
d1b599d9206cc1a7bc957d4a9c764323f5da9ff6,引
d1c3cb1501b28991ec3ee19af49c6b6aaab7e488,迂
d1e2e23d6698d7b84fa579a84cc3ce36b23f1526,時
d239efd1ed7e00e56a24d2c486c4fa4aa0a48bcf,×
d267981697a8fdbcad59004c3bf7c3d95725ee84,』
d28106d7edb526ef04137395b5a7a8e3449280d9,森
d296778dec6b0dcba484ccd9d63348963fa1d9b9,涙
d2c2c9e102e0e6fab9ca3d30476dc2c9eb759f7b,罪
d2cb42ef6f10c7857104c23ca951695db0da6d0b,議
d2daed36a67397d89e43d35d943c358c297ca2cc,ホ
d2e2486f38c8666dc47f00b3c404e9aa88251d3d,夫
d3497ca1e30a9e329fbaf5db4d7a9734bfea3a84,茶
d34e9f7b1df51547bf90a2f78b183b7a9f5e6fd4,土
d355ac33b9132ffd8d6662b077dd766f2d32be92,強
d3683f084bf86c9efb0250a59ec61c74186b8cf1,達
d3696b8418cb0956cada9ef88049cd12d95d0e41,響
d384e8b598a6f51561f734a590105717ac75727c,先
d395cf819123d4990f8bf61fcea111868fcef585,さ
d3c8d61512db29eaba30434e8c584c813306971e,世
d3ce1cab9c4fc96619dfea4d782e8357f2e8ef46,m
d3ec4a8726ddf634f78bed712e71fe75cf068171,化
d3fbf7c82fd9a5c06102f9555d98918a95cc9475,ブ
d3fdb623f3d4f75765d955c849513456f58a7018,昼
d4330c3ba7625fae94da00991ff989df6d0ec0b1,悟
d44287776c7749ae6d42b23a4a9ac64f7a08315f,血
d445a62b612836a87aef518784f9312c6a5bc3c6,翡
d48256fcc4c0d4ebe158aec6a62d7769ac8df5b6,乙
d48f8cead762ae065c923d708d82b5cbdf8fe8e6,ぬ
d49ba2a415769aafa9dbc6b07e390411ec721b73,ツ
d4c1473fcb6a9874ce803f78e6477cba9e6ea51e,従
d4c438f2ea6db93ef87cedea9bef7d4f6aa9bfb3,慰
d4d31af6ddc04cb7c62ae1b724f4db8b2ae13540,馬
d4f35761bf87afc1adff26384fadfdb905b06c98,省
d531fcd8c295e69f58cc42cb557ad1090c6c9946,滅
d53d928d14f35c722122ca34a6cdb816ba040154,供
d5445743578d9506acd8f6ba5f5d413a67111db7,色
d549cc93d125d68da668705e7709ad98ffade997,剛
d591d0260310ca22aa43048ef6d1240a3236750c,F
d5b7e8fc20f9b05e3f0e94026377a8c091da9eaa,う
d5d20036c877e70446cfb4529edf477374f62f44,特
d617984e7bb355aca6bbb9fe4193f2f791a80fd0,惜
d61933fc261f1d62bd5e2fa97b4a7677dd10e432,合
d6281c71253351e5ba0e9e365d5db00e0afae4cd,わ
d63a2fcecad5ba93da7edaa24dbf0be9f4b7e620,注
d64002e6cf5ddd286de5895bb6451dfacc4bc2be,紐
d648646a0f6675ce799470fdb0657b237e51551e,法
d64f5961a53dc109928e103ca76f58429cc0f931,ィ
d65cf150fa91e08f586def1c6ad87f4ba13d3a8f,”
d67af0bd84d72742ac8ae01df9e014cf4923d9cf,急
d68807eb48699964fb7b97ac3b9e37b9d01e8f7d,隣
d6d644362a720d15bc69594f70312d91ad2a5547,雪
d6e67841422856b2bffdd5128c3b56b9132e794a,行
d76e8cb780b06fcd586010e71e5d57f161da8b9f,岩
d7711e991205ba370273b7ea597525945631e524,訴
d776f09a14fa2910b940ab85b06f745eead51e05,ょ
d7bd84fe0ecd5bdc9dbb558888fa4714f0e2709e,鳴
d7cb17800379ccceae72539ec80601f75a660306,ぱ
d7dd591595d34bfa18373620a6b7472b165013bc,付
d7e544256a891f68a442a4c21890a55e2aeb51e9,格
d7ec907d75faa0ed4c16a17eff1eef37ee30511d,活
d8434fd1b6826c675959ad2550f873f9e33d0731,緒
d89bcb7ffd55e68b3e3aebec3b8d709135d7f17c,攻
d8a426263bb4dd1fce2413a4afc108abbefc55d8,肉
d8d285bddd150b761c2245235abebb00777712d5,蝿
d8fd5c1a9c93ad1cec0049064400bb64e7ed8313,ジ
d91c59328bb0396a80ea97d9bcd8b5d8b6244798,要
d926b3015e3f0d384b8d148e4b245110ce71bd25,正
d964eb0f50b4a3ce899d78fa31219aac87613a83,毛
d97d83edcf66e3f71cef557a8d9cd299e825fec7,ず
d9c7b40b33cb31855605d689723552e2a3cbcd37,R
d9d18d2ca17354b330851c1657f926dc11c318b4,伏
da03fca1cae3a19ca85f7568cd6ff8b68f6d1c7f,払
da734609f0d8c457c90ac422f234f9b29407c9c7,伸
da7cc87f88edd0700f92c62773261e8d422420e5,国
daab12ad142406247535dfab3aa27b82bda5f083,位
dab542cc6d9618e94a7d1f52f55f9efbc1f415c3,印
dabcdf27f5114586fbf91b549ecea08629a7f010,技
dacea39381e37d4613366b52821b5e11c2393a3a,霧
dadc8de7717c6683216a00a3ee53ef5c78bd7d8a,タ
dae192f77d18154fbc5d98b85f0ef26abb0e0c43,渡
daeed948cc16df73419e1e635677ca1c5e578b37,短
db3813c909d102eb1d678c53deb7166a5e12e8b3,曜
db9b237e05e9e54c0ac43874e4e3eb05ef2744d3,槍
db9c6aec9410d5996037f6e7aabed5ebb319e1d8,領
dba1132e23b8cf728833b70b3b95944b9f7a3722,均
dba9392686f13a875612e0d7b1ca92f58dd29f1e,捕
dbac6a48c6dd90b479ce340b37818827fb060432,減
dbbf677b12be2d4b5c47d366c5d26c50bbb74f9c,存
dbc120b3bd383cc4e9e03fd4403c02cf1e531c30,島
dbd3bcfa2d6d716feef506f5c98a9dced5982b21,頑
dbd8bcc0a2db1db1f616ab790d6442326643dfb2,r
dbf81b376c07948c9cc65d0d27e01fb18bda5e4c,人
dc2237fa1ec22e60c25b406bce001b1297ca355d,i
dc42d0cdbf1a10a98daeced8aafb5e9eca685a3b,恐
dc49e44187d7b9bce48feb25d379271a40c99c78,害
dca125839be6e8e281afde2d0e8e5335cb05a757,代
dcb8d27ce64895d01b9628cfe742acf9dfb6f635,失
dcbcfbe4bad51235f2de20bbadd338c79209be7a,力
dcbddcdf487284b0ec16b70a68a237f83225f044,妖
dcd206efb236db2e948b20ba54a552cc02f6bccd,穏
dce345dd6a53cc55b70a704f4b8dbed4376e25a7,使
dd2b52a7be3566144ca11f423c3c55dbe05285e9,圧
dd2d0aa6f0a8960c8dd5f69e99146e82e955edb2,募
dd53410d4436341ea7a0918940ae351f109a2ede,ぼ
dd832ab33a7581ad31a73f95773ba43b9de58b26,悲
dd87864ef0704a14bfd6f66435d00fb3323383ee,般
dd8ab15d9975cfeb6f28aa36abada23978395528,腱
dd97fd56ab3ce03e4dc5d67c236a6a80434010c4,金
dd9bd60f0e30f812017f921796a358873d32bb39,想
ddb2b29303ce19bfcfd570f47e02370a2b22f3ad,徳
de00de21b847e50243c898ab53bf1c82a5fa48b3,ヘ
de310e5c94c5f5c49ff428acf27c74430e9901c7,好
de5b25afb32c0f281b755a12ac6e0e5b73648f46,投
de5c6ff7049af816b44d5e61e49f19c4b599f983,1
de6fa5e1421e053f4ebd4b5a7dd64fe6984652e7,樹
defdc6b7bb4e61b281b4002d15d65a1dbaf94455,乾
deff0a0f81435a04ca44ba91dfed58bf3a472106,腕
df06d2d6e3443dd4d02ba9a87edb345e3656b922,こ
df4e995dbd2bddce2a988d182a7664755ef9af5d,サ
df54dd08cbc1d16ee4a4b72395615de9d88e7c31,座
df60a9a2eecc01380de8db83684be207a71597b6,仮
dfdbf1a861b537f20d946f96cb5f5dcc885e90dc,D
e00c3fd410743a07237831b48444ff0ec24b8913,調
e017affb27cbbc00d26d8718105d4d6655f51b2a,北
e03dc7f953f6660e7e52c8ab323251104e1fc772,美
e04577496c6f6d9456c5feae6bc3cfa519ecb9d5,衡
e07aeeab228d2155b6b45a08c71e806005e6384d,蹄
e0af0eedf6d29be13d3dc28b6e1ca0bb39d53470,腐
e0ee5588df22f7894d10cdf6163de705b85e2d54,配
e154fede809626f65bd33f875f8496ad93eafe78,吟
e1613c7dc3eb074f2243f420418a0b64f20e3564,肉
e1718be2ef6a2c58700e3c834c954026d1336d59,棍
e173c8d9e8e8d5a83dc8187595d717057f00b0ba,減
e178de85eadb0b55d1bdca8f90b1a1a8ac4e4cbd,込
e1970cb994226fafa96acc4666cedcf495e762b6,長
e1b636ad2f21129cca79ea27c43edfbdf486e734,呼
e1cdeb32f6059e91a80cf5d6c711ec58d0360341,奉
e1d3e70f5566d70810b26a27e45ea5db34a1c021,計
e1d4b7707fb7cba47f787bbe91d3c3a525566c45,船
e1f2c9c98bfa26b584e190969a6e5b6b40d58bfe,完
e1fb0b743fdcaacf3dc7b19cdd741cee97c22bac,蹴
e2656094e03f4242a08d36f6c72b1fa7a89622fe,止
e27d7498be1a95c16855e0bcf8449208d03f9906,四
e2f57eda6e86d22bcee64e4a485643595cb753a3,槌
e2f5a21df99ccaf7fe44a1a3c8d89691f4ae2aec,構
e30cdc62e25d2f94c964b9b2e338a904685b81fb,研
e33431a63f0adaa1f63ec00434d245d255fd8eb9,姉
e343ef2c7fa4c13d6caceacb7226e5ca2431fe87,妙
e34ad33f95af450cdab89d06e9a7dff059e6d815,檎
e34f235af14b9c7cb614e0f62cc7e231296fa735,名
e3501a7214f0b2d8dde574e8f126c7c0efd39518,滅
e370f53070d1f7100d7141939dee8f3489d5447e,物
e39fb723f7be8d97752cb6630fa0608da0b53099,蛇
e3ace4e813f807efcb9f24828a380672478e834d,和
e3b31c80a2cb5f2a23c6667061b4a67db2622eb3,憶
e3cfd193785bdfc15ca7c988688bbe777031375a,氷
e411a4632e937a7daab4b1192c9e00772b13fa85,W
e436055eb3c8d9e6752a1f634015afafe73ef2bd,i
e44261a7f151f635d3598ac31e07ff69e3b4dd88,念
e448242f6ed3947e3503bb108cc058e0a72f60f3,れ
e508371b2adc2100ec1278c45b16919c5769fbcd,話
e5a6651402e7d6d078e6f5d3afd9463873195917,強
e5cd74b4ce4351562f76b601e072b79941d50617,終
e5e35789ec9ac4ba3f4072f843c15f8f636938cd,格
e5eaeea64d7ae06df4a3696c4f2bf2d1f8e89a87,ラ
e5f08d81986aacdcc5e994439eeca2a553507fd4,達
e5f41d5156e1768f15ac8783c5e7590ebc9e2eea,倍
e603b489fbc74b384be185d6a442655f8bf67a7d,緋
e60af295c53a343f7795331dd864cb27a0a55435,即
e6229c1a5bffdc22f24529ab0f3819d1e39f744f,揮
e643d8145b8ae8a52fa5cf91d8d0686f0e250f76,線
e6490b98b4c607d964b27f0f0c53884c0eb000da,オ
e66a09ae0d7e2ec41ead0c742086c2f45d5104b0,十
e6701d548aaadc59de2b2ee489ef5aa7643193dd,ち
e672ef0b9617eb09d9aacb87d57942c69abd00ac,根
e693c7c9d6cd8f45a1f6e4c352ed775bc399f267,憎
e6a751e373722337ec6b29b2c492af0c36a78770,液
e6f0afb84f6a61f8c5f6cb46fe6c582cbbdf52d7,段
e6fae335b19fe976a77c1fc208876c526fe088fc,羽
e6fb08c601eff27d902be06cf3cbe400e1c2776b,W
e7385fb549c70d8216247150173951271280445c,特
e73c8661a548561e4ed3455e0e61388d60075ef8,住
e78ece01672ca2708936d3c7b6d612b13d695bd4,皇
e7e7e61700c9adb2f2fe57380b293364c5575a76,タ
e8101d1844a313d7e134eddc05c197cc191c07c3,言
e81365cd483702d65c96e3133d85e659e05216c6,芝
e815a3b81f3c149bfd62a9c7a81fc906f2b16c8f,機
e824a478f26c5938ece83a879dc808157c09f1af,尻
e82b43fd6ea98ce61a45c618b9b85d1d950b6aaf,追
e830d6903c69d060f4c75c39cbeaa0b8d7761039,労
e832b8c4048125cc017ebe17c82d4a2ba2949e11,ば
e83ebea8af43e6e26641393cd08bdfec0ab288fb,列
e851e9c29f84a7fd176126b178ef19554ab3d904,側
e85cd41a5bb5e95b9074a1defe2231bd7cef5665,よ
e8c02b22860039957bf5c57efbbe08b9bd26c6ba,！
e8ccb9e540b5b83fb3c51bf7c680821039c77dca,流
e8e626b49921a9d309e31429e0842729350c076e,み
e8ed199ce62df9e442de49d1cbdf44ed91832059,か
e8fb12681effcc0786ac75b327a9a7327f3ac75b,具
e921d9da104c95c8ebdfef8d1d0d461c6ccbe64c,派
e94619d3c209e92c145b0a20f1e6bcc538c981d9,揚
e999e3c89f2bcd6abe940be365cc837edbbd5e0b,訪
e9c5c1895fa2c35f05184d3d220634d85b454346,優
e9cf7246bdf1e8a1afce5c11856c24347a7e45a0,先
e9f7be8d9cf1b36cfc97c866796008dbca9d52ec,夫
ea0a83dc8876b19f36897c87fa8b308b3e5da3c4,罠
ea203fa06c33324e253146b8676ef26d41102435,テ
ea241ae6cc536eada44ec06f94eeb402f73df6b6,早
eaa9c2b587ed4bba31ba599fc592230cc53af2cd,昏
eab6211a30c87d572cb0cd71122c25d191a2e182,抱
eabdfdb2610df2aa809cfc6601454caf6b79a2d8,介
ead508214ed6f115d52fb8be33d83fe04230ea38,羊
eae464cf2eb8c9d3ffb076f91e29f006384d5a5a,植
eaf22b4822ba79b56bbbd2bba67a9f2f4d65f568,借
eb240ae99430c8dc1bf0175ebbb09d5776fc0400,ざ
eb505fb2c1cb6ed5850c466f8258337ab6fdbf72,す
eb593e80ccc7c1421db6ed80b32161a7ef860922,傭
eb74c6e0b1195624989f81a9931a73826e43c6b8,V
eb815071cbf7c00765b0b807a7f0b14dcf5c7663,放
eb9d4ab4c92b8d979a563024ccf899efc98a7975,リ
eba5a92705af37ca3a8037cd3308f0c1deacc447,長
ec3370bf045f9b94f9685cf9594b8c3ed2583736,い
ec3951db974ba491c26b5c28ca4dfc2870fb4b66,峡
ec46c46f0a33d88d7a1594fa3b0c092573712a37,避
ec5d8c1471d03ae6c0fad2019bd3c4d7bdd3e3be,V
ec61dc895a0690d0e2a9370646a853a75f1976e9,発
ec72db38163206c2a5dfad4f630a0c4a68fd5d9a,逆
ec9810d3a7cf9783c73e9dc98167a64231845a77,F
ecbe8852a6f64a92646ff62c027937e2c40573eb,公
eccb98e433d1e4669215bab62376292d7edde0e6,装
ecccc22147aabf96d5acb2409ac07bc211758bdc,宝
ed393dc7c7e46c32d613b3b213aca18778ce100c,練
ed41ab7e1f6085e4759f119fbfc14befe199ab75,石
ed42068387b8a12dd9759eb4a557e59a87bd6925,ャ
ed54386516de96cc6c2ea409e3e8e26436ec4583,備
ed788a77106710af38311001ff5f0f8b75bdfe38,士
ed7e9cf9da0b23598d5253fe6a8a619ebcf5e05e,暦
ed9a5a2b964051c5734ed6182ccb965e75fb863e,辿
ed9cd045f5e0f76dbf5f1b307f97eabf19b5ff50,吹
edf1ca9f1fd8802f01f8d3621a5b7479bab7947b,命
ee011ade3c35671fb70e33efa84f5ffe2037f295,P
ee06378efcf14c3b116dd95c94dff7493c5b8b64,を
ee27518576abe799f91cdc6f2ed771096bacca5b,跳
ee30568fdb98fc0d6e542946fb976b0c6c0e32aa,妃
ee46988202d164f8484b2bec7ebdda150b76f069,空
ee4e6045d5c8a9b29d1525d0b2d73a61280f7313,放
ee6b75681c1c586c9d4e76f3d95e44a5f6a36b0e,進
eea8931d7ecd9ffb43b740188626ee191c027665,性
eebda342df130fe39af72e764775f1113d22bbc3,山
eed43928e2ac5261783c9437be604404cc88abc0,程
eefbfc205a894a1d21b1d31bf4c3f528cceb2105,演
eefdcfb4f976cb9998e51cab4c79282699a1a9b0,申
ef349ccfbe148d996969d60885f37c71b89d122c,雨
ef3fecb5c69786bc35cecc8a428659cf4460e5af,用
ef9fcd17c43fb49cf2a3e1da21c73fba90b6b169,算
f035a45ded15c48a40ab0de7abb05fe6e8c4230c,ゃ
f0460041c9150f97d94c91fea14b7bd5b3048c6e,背
f048c4c4f28d422f0b94fd7767e5be0038755e95,t
f070c986503b08ed2a35cace26fca5724e2632ab,武
f074730e878229e3c32eb5fe32c112018d672bbe,縁
f0851f47ffd7f54e7fc0b4e1c1101336d5ca0b5c,求
f08a754af60827a3b14c2bb39dc4a275381a289c,ざ
f094853dd81737c45659733be3793cbca59eb8ad,パ
f0b6743e938b19f760b4ef7ea792b58170fd3161,弁
f0ce8cf277f12120335f8d1d71580b101b4d0182,K
f0e7b8366a1f3bf1e71e52f62741021a344b48c7,討
f105d3fdfc2c39a0be32c84129da689cea1de884,揃
f10e29c5dc40146829ee529e9a4fe00a61c76c70,役
f113e7f26138e94de8f1550f985fc713b8c1ea38,応
f12b4119553a74d4373f9737bab70561bd011887,張
f136c09cd6b7b7bf0bf8ef375a1509b525c2e082,て
f1417f694f7041c55dc58dba65ae53e1509af881,隙
f14b985d4e01fcab1cfc13ae7de17f888f10e613,速
f18939d864b673c948855c1a4e718e300e67a708,毎
f19e507e0068a487bc9ac4af486a7a332d96c69d,域
f1aa4b90db2f7c78a754a3d04b7c078c6a722b21,e
f1bda3047967e5136f449351f18ae3638afcc229,苦
f1c11685afa6cb928d6f150fd25e91c6e0a2be54,窮
f1c6834e5f6bb01b8e73f96b69c625b59a256919,旨
f1e555bba71998204a1e6cec72d9b03c2dff5035,少
f1feb00dcf23eaceeab25986326539092ec5c515,ノ
f209177e54dc58e1155b304349e9ddc18ca07e79,ァ
f212034944d6c17d72876d09ff3743f02d2e4198,含
f21b1737914b9e2e3eb65c29ca84ae493b7806bc,は
f228a5469c46373d19d1f169b781964eadbd534d,斧
f238fe16902cd27aacf52f3e1a7ec601ded7a4ce,的
f243f4ce9361d614f4917b2e83c0db09ff5dd741,低
f24609c1ca5eaeeabb53c5d9b563396e3ea7b162,府
f26705b5098cfa2f3f83f3ff73752ee35b78e751,詳
f274caf90b2778062ca1e3007c79c4c8990e9f1f,番
f277c3d16b2c1e9374f24b07d6d5aa2ce47247d3,珠
f283dcaecda0535b856383e017991e22a641340d,弱
f2a9e90bc6f4554f6317eb077eea6938997085de,痩
f30196d73a973371992eb0a007c0947c63add73e,左
f3354da1596103175a4fa55859b7c1cb84d365d3,び
f3523b52f389ae82811df8139bbd81d3f3fdff2e,指
f3a1c126fd7543e4938db6d76df80be08849ac63,得
f3ae348e80aad1b6d4d2c27e6f705ebd38915630,砕
f3b179aa6cbefe84253a12e3320a0cd2f0c93fd4,閉
f3b29ac82ec5ae52b9ca85d633379d426ba9f1aa,メ
f402963d8afcb12bf404343b9453204bf38491bf,細
f4108d8c298e700da16736e13471fca29698b721,洞
f4286deb5fd74da64ad818b1a27c98b957c0c052,値
f45f0f31a5113008737b5ab2013ef202920363f7,ん
f4890b0d5bcda2db161dcb4b1a82fa15eb38d0fd,ロ
f492b4d2e1962e0b5f5e065d3a53071f50449fa7,台
f494100e888fe4f82cc0e488a47b7b161bfdb0ba,諦
f4b4fc422991263b30141925b64f0f2e1755698a,激
f4db503590825a4a19c70a7af0a75919df0020d0,相
f4dcb5c2ac9e88b56d443dd6fe1ced793fb052d5,口
f5052ccf42cd19c96464d97410c35d1362e4e647,精
f50d6b170b4810eb6c28207bb00f26b5c773d8dc,捜
f5142cf75a8b931cbbc690f8b3f5797b88b2d267,ぬ
f522a0327dd4052d000a3377137b32494d62337d,掛
f552dc9b60ad85c74df5c8b8b88f41e8bc11b843,れ
f5666cf643a7cf589d0f089cb9dbc5992d1d4be1,む
f5806aaf227f5c3aff220fc5fd014a57b854372a,ツ
f5b127a88862ddeed94045d0bcfa67b1e094a0a2,5
f5b9c20e533256b6a21745ee4d7578e9b0f3ce22,暮
f5bf4829c7493bd4389c1858b184b1ecb03d02e9,k
f5ef0f0a9b0640004d895f50c0d4962008e1ff4f,y
f60b9e7f24206e443a6cfc04025ce0b3d342cdb8,塗
f610c0a3864cab86ba2c8eb15325addb92d09605,隠
f63fd450dac4386f8b56bf1f87486c843481fd49,福
f67c5931dc4ec741507060569e9b0d27970b1c2f,～
f6aec96d125cb7714adb7339f8eeff64fc3ebc9c,動
f6c9f3a639c0236c246fc992986c9dd87a4d1c66,学
f6cd939ca3a555c6840b3c13229408fee48a028e,違
f6cecf2fa15801c05afc075e3807b6aef88c75fe,P
f6f4feb3c10a833ec0cb5c118902778111e722d8,共
f6f99aabe3c0596798044919b373ebf9288980b9,姿
f706e27bd66d7f884fccfdc20eb891059518ac4d,巡
f71713fcd54ffdfc549cc3eaf6e7b4886523646a,断
f71ece0a6e95824f5ac2f19d3c6b95f0f1bfe45d,奥
f72e214eb82e8a3b06cd7e903577ea36fdf765f3,キ
f7527efe89007f84d78a29b0cb2dbf500d192ead,対
f758b430aae183cf7ba3c4bc357240a22f691a8c,岳
f7796d5fae81776d1d71b179df7c1b1e9fda1983,欠
f78a02109c4fffcfc47e1a54f441bb371439f099,末
f78be5ac9646351d4a94469bd8138d9b19a6bebb,日
f7bf96fff1b692e256138009fec5e24773710d0e,影
f7cf192be8c30cd302c0745f031e967aa5aa4f97,包
f7f63146a303ece61369b4d0e81a286454586fda,角
f80c7675fffb1ac9875bdb604572f8987279a3b8,非
f847fd95ed112c8364a06e864d24cb7b50d98141,質
f85866e41e77266ec664db93aa53bf9f131d1d41,殻
f87ca5a5ddea4c375459dc3143c7fbd06a64026c,内
f8bbf122b09c4af3660ad6fa0dcc41351d7d8231,思
f8c4ed82d90c40b6aa4a622df94f25d137cbb545,度
f8c6dec5f77047ae004a6abb757a0b4c3701699d,要
f8d746d94f7c492ee457131ff0f9373433eb2730,ソ
f8dd663c2b3e4833afa886671eee57f7d64ec733,R
f91f7bf1abd6946545062059f225dd3753c4546a,迫
f9236090a828f153028bac1211dba4c2f60bb4de,料
f97cc0aa7f842842f69f14a160d000a8363451f7,学
f9a155158a1d1c766b0155fdffe64bcb50f4b1b1,寄
f9a2bdd0a88b8c5826a4933fb5cdab38762de7f0,拾
f9b1ce14bb9cff07a73f9dd994f37fe13bf74d81,渾
fa1d3edd37a5e56dbd820b37dcc36b96d3b134fa,宿
fa3ed103a07f9dfce9c4b771e105a88eee0301c5,縫
fa3f944371e7fd8395cd3ddb4fe3f05a1dbe2a0a,拘
fa593c85f0c59ca773e636fd9eb768bce23f3369,終
fa5bf61a9a537e850c0161b3443b74dcf4153199,戒
fa86bcee0b7982911725aa7df985269f088d8d62,砦
fab29137b1f352bbf67d3b2a60e152647c93726d,の
fad0c6424f5f83438e704d2ef0bb91c339463f38,紗
fade434fa264481f90d354d37284bd1685ecf2d9,刺
fae9ae84156c052db5f61b726a5acedbb306db0d,屋
faecb385d4dcaf1dca329ad0394500f97918038b,虐
fb0707645400424dc385dac35e1f572fa187b2c2,吐
fb0f990e0214ffbfd8e6c51db01e2c2503a7a539,癒
fb1da43206b9e0f130335dc38492f817e67ffdfa,日
fbb99f866020e53ff2a569263ed8c72f52a7a2fd,磁
fbbff24401d88b822e3cedbf5627d02cd7d15f51,よ
fbd41c4dd70691e84c65eeb1e1bc956211e87262,回
fbe34baae5fd4aeeeaf49c953b7437cf3cfa1c86,り
fbfce520c127d983843498495563c8ec7b71413d,成
fc226761772b6bc2cf099f45512887b8eec76548,憶
fc2cbd38a6727307d3db48e5135b7c0e97d2160e,堅
fc30e6311dbc0c246d32f141438b35c4833c4c40,爪
fc3246382a0dfd6d0658fee850a51cabf1daaa3b,躊
fc3f6b7ff6ff7ef1efe545796432a15629f562ce,ひ
fc5de94dd4116dda0bfd40a954a40e50547eb984,察
fc8709e3c3c21ce63915ebf0b76e3e5deea6a9cb,顕
fcc5db7e4f3f922a9abd818a23073c3b6a69f509,公
fce484e3e3df840230d34078f13b92a0c7f076bc,知
fce54933e81516ae2d996e370742cad737706266,蘇
fcea7b1bb5d45ee4dee6908db339c0e3c3d0ad4e,都
fd04b2109fec50442b187501eca5f914a5292f85,隊
fd0c7c87c70f9ab26d3ab98ea3df2ea92efb1fe6,涯
fd0d6300045bb06e6a63e999ea35d2e3861a23ed,磨
fd8a87b3370277f02fa0b327feab979e7f71153e,星
fdc3709d8725b72741d527b34130992d8a8bcca0,ー
fdc96ecdaa2ad9a1972d548ea62f574b65392971,民
fdd9f7183a6016f4aa135ef879795c6db3b0bd42,罠
fdf117fef913e07ea71745f2be6c75095f981036,念
fe0bc310c8bcfccbceb7189f895986f75554041c,融
fe0cabe81ffdeb58cc4ab04877e09a7ca7355c54,ヒ
fe0eb894a63dbda1673b1d48d9fbaf35ee886f9a,蘭
fe3da76e2b14503244a6501f0fc07a67a57e8bf9,折
febd6ea9d2c90c7c45cfad05e8ec754875a8e10a,戒
fec1aa8b4389695d9c490c811163f2b8c869bf0b,備
fef5478e7e27b47dcd718490d8c8f1f3c0becb96,う
ff346136cd07dac39cdecd30e55c4d7fe5c0063f,段
ff58ed6ab75086c4f2d36f857e238701f61dd2f9,願
ff5ab4992351744a7ae89305ce31a40e529b8bc4,静
ff9dcdd512f750fd0bfe0f7689e615ae906e0673,道
ffb9384e430455b9c9846f37793f4f5f85c83860,ヅ
ffdb94ccedd46fbd4a17240551f0a84728d2f88c,町
ffdeedbf9a04b69d2a9caa99f891a5613bfc5743,焼
fffd1e84a115bc57a7a464b016df9bd9265ac9a9,し
